filename,bytes,sha256,source
C28_BOOTANIM_RUNNING.txt,44,7770733f76565c4b3bd5d0ea9592237dc5d4cf29e6abd95a003e9f151d0d256d,host-replayed-metadata-copy
C28_LOGCAT_SERVICE_STOPPED.txt,46,e5fe3cff180c8f4032cf83b6a5a29d377801aff7c9b61a716f4482a6834f2fa6,host-replayed-metadata-copy
C28_logcat_status_19700121T191208Z_u15326_p1025_0.log,0,e3b0c44298fc1c149afbf4c8996fb92427ae41e4649b934ca495991b7852b855,host-replayed-metadata-copy
C28_NETD_RESTARTING.txt,43,c4bba197fe7de606dddc14e3c30724d1467940cb53032c27ec12ba23fb4db626,host-replayed-metadata-copy
C28_NETD_RUNNING.txt,40,e49f866f99636a9e00a884b18a1f695d397f9a0e717c5091e9ff707b08213e18,host-replayed-metadata-copy
C28_SURFACEFLINGER_RUNNING.txt,50,bf67ab4b311623f04210955d265cf99711a5182984ffe2c6f916f07295c028e5,host-replayed-metadata-copy
C28_WATCH_SERVICE_RUNNING.txt,52,b335e46af35747c957d5f82ea90fe745393f4032b537257c4ab6e1500b8664d0,host-replayed-metadata-copy
C28_zygote_events_19700121T191207Z_u15319_p1026_0.log,0,e3b0c44298fc1c149afbf4c8996fb92427ae41e4649b934ca495991b7852b855,host-replayed-metadata-copy
C28_ZYGOTE_RESTARTING.txt,45,83bf74d5a7496ee364bb58a2e7313c8ff339db8298d59c80a66475ed2580f678,host-replayed-metadata-copy
C28_ZYGOTE_RUNNING.txt,42,3fcacd057241218a3cf0b1cd6080c0267925c3e4df1bee4b01a8f0cb92aa893e,host-replayed-metadata-copy
C28_ZYGOTE_SECONDARY_RUNNING.txt,52,22730c507f9e05911651824e128846563b9cce06052db33729960771d5624eee,host-replayed-metadata-copy
C28_zygote_tails_19700121T191207Z_u15321_p1026_0.log,0,e3b0c44298fc1c149afbf4c8996fb92427ae41e4649b934ca495991b7852b855,host-replayed-metadata-copy
