"published_path","source_path","source_bytes","source_sha256","published_bytes","published_sha256","transformation","status"
"host/fastboot_preboot_raw.txt","observations/run_20260930_115223/fastboot_preboot_raw.txt","837","1fb2ddd529cbb1f1b7291c29bc80266607aea0a9b0a693ca2d664ffd0d855881","837","1fb2ddd529cbb1f1b7291c29bc80266607aea0a9b0a693ca2d664ffd0d855881","Exact original host observation file","verified"
"host/fastboot_preboot_state.json","observations/run_20260930_115223/fastboot_preboot_state.json","279","489b2d1df316fa7522fa3ba379d00d6e0b5d483a69c4057fec8095f0ac46db08","279","489b2d1df316fa7522fa3ba379d00d6e0b5d483a69c4057fec8095f0ac46db08","Exact original host observation file","verified"
"host/host_events.jsonl","observations/run_20260930_115223/host_events.jsonl","4495","7f4dc0f409411f35a4a287761d82c2b5a3b93882bf81305ae053050e330500c4","4495","7f4dc0f409411f35a4a287761d82c2b5a3b93882bf81305ae053050e330500c4","Exact original host observation file","verified"
"host/logcat_all_monotonic.txt","observations/run_20260930_115223/logcat_all_monotonic.txt","0","e3b0c44298fc1c149afbf4c8996fb92427ae41e4649b934ca495991b7852b855","0","e3b0c44298fc1c149afbf4c8996fb92427ae41e4649b934ca495991b7852b855","Exact original host observation file","verified"
"host/logcat_client_stderr.txt","observations/run_20260930_115223/logcat_client_stderr.txt","0","e3b0c44298fc1c149afbf4c8996fb92427ae41e4649b934ca495991b7852b855","0","e3b0c44298fc1c149afbf4c8996fb92427ae41e4649b934ca495991b7852b855","Exact original host observation file","verified"
"host/observer_armed.json","observations/run_20260930_115223/observer_armed.json","555","fcdaa2a6c1f83cad6f7179022adf83572246c6b1e2797bbb6af02f04af5f802a","555","fcdaa2a6c1f83cad6f7179022adf83572246c6b1e2797bbb6af02f04af5f802a","Exact original host observation file","verified"
"host/run_metadata.json","observations/run_20260930_115223/run_metadata.json","297","cd0d1143ea7a1b310ce5daeef0ba2f866c5946407e5b186965942df250ae3466","297","cd0d1143ea7a1b310ce5daeef0ba2f866c5946407e5b186965942df250ae3466","Exact original host observation file","verified"
"host/usb_adb_fastboot_timeline.csv","observations/run_20260930_115223/usb_adb_fastboot_timeline.csv","487893","f570cf5763d8f698e65cf8a0d6bbd5babcdf27f00b7544730c7f824ce8aa1747","487893","f570cf5763d8f698e65cf8a0d6bbd5babcdf27f00b7544730c7f824ce8aa1747","Exact original host observation file","verified"
"standalone/diag_status.log","standalone/run_20260930_120848/THYME_DIAG/diag_status.log","3550","598fc007b2ccc3d4bdf8df69e51501164992d11026be97075ce340b7fa57441e","3381","f2c7a977062e0242432781edeb65f1151d0d724d977c3776ffdb4383cffc3ddb","Diagnostic log; serial/cpuid, raw partition hashes and local build path redacted","published-redacted"
"standalone/pstore_status.txt","standalone/run_20260930_120848/THYME_DIAG/pstore_status.txt","598","b879fb67cfb0fddfda189a798f1b1089e2d2c37859f576c5f1521f9633796fcb","598","b879fb67cfb0fddfda189a798f1b1089e2d2c37859f576c5f1521f9633796fcb","Exact original Standalone evidence file","verified"
"standalone/standalone_dmesg.txt","standalone/run_20260930_120848/THYME_DIAG/standalone_dmesg.txt","154570","97e88ecb81c8ee27e4e58885d058fbc51ad9a296bb836dc3166b307db5c348e6","154570","97e88ecb81c8ee27e4e58885d058fbc51ad9a296bb836dc3166b307db5c348e6","Exact original Standalone evidence file","verified"
"standalone/pstore/console-ramoops-0","standalone/run_20260930_120848/THYME_DIAG/pstore/console-ramoops-0","292646","9b10867ce85eef8ff439f6d013ba7c49f19a36cd452cbe622f0fb71f9a0c04e7","292646","9b10867ce85eef8ff439f6d013ba7c49f19a36cd452cbe622f0fb71f9a0c04e7","Exact original Standalone evidence file","verified"
"standalone/pstore/pmsg-ramoops-0","standalone/run_20260930_120848/THYME_DIAG/pstore/pmsg-ramoops-0","90225","f23f288ea72b31c89e3a702f087e9aebf761ff4430933a3aafb61cc0109557a6","90225","f23f288ea72b31c89e3a702f087e9aebf761ff4430933a3aafb61cc0109557a6","Exact original Standalone evidence file","verified"
"standalone/analysis/pmsg_ascii_strings.txt","analysis_work/pmsg_ascii_strings.txt","91672","a127c5a2a150c2de6a6fccd2c5c351c68e400053c9eb2dbeb92c2056c8fa2b97","90692","7cd51864da0ddd6f3999533f4f129704f0a5efa06cf8dac8c6d3a94cde6186d2","Derived printable-ASCII runs; trailing whitespace trimmed; lossy view, original pmsg retained","derived-view-verified"
"","standalone/THYME_DIAG/metadata.raw","16777216","","0","","Not published: raw device partition backup is local-only","withheld"
"","standalone/THYME_DIAG/misc.raw","4194304","","0","","Not published: raw device partition backup is local-only","withheld"
"","standalone/THYME_DIAG/metadata.raw","16777216","","0","","Withheld: raw device partition backup remains local-only","withheld-or-replaced"
"","standalone/THYME_DIAG/misc.raw","4194304","","0","","Withheld: raw device partition backup remains local-only","withheld-or-replaced"
"","standalone/THYME_DIAG/metadata.raw.sha256","192","","0","","Withheld: checksum sidecar for a local-only raw partition backup","withheld-or-replaced"
"","standalone/THYME_DIAG/misc.raw.sha256","86","","0","","Withheld: checksum sidecar for a local-only raw partition backup","withheld-or-replaced"
"","standalone/THYME_DIAG/FILE_MANIFEST.tsv","798","","0","","Replaced by public manifest to avoid publishing hashes of local-only partition backups","withheld-or-replaced"
"","standalone/THYME_DIAG/SHA256SUMS.txt","838","","0","","Replaced by public manifest to avoid publishing hashes of local-only partition backups","withheld-or-replaced"
"","standalone/THYME_DIAG/System Volume Information/IndexerVolumeGuid","76","","0","","Withheld: Windows-generated USB volume metadata, not Android diagnostic evidence","withheld-or-replaced"
"","standalone/THYME_DIAG/System Volume Information/WPSettings.dat","12","","0","","Withheld: Windows-generated USB volume metadata, not Android diagnostic evidence","withheld-or-replaced"
