source_relative_path,source_bytes,source_sha256,publication_action,published_relative_path,published_bytes,published_sha256
c32_diag_zygote_domain_canary_20261001/standalone/run_20261001_224407/THYME_DIAG/FILE_MANIFEST.tsv,801,427DEF57523695D6A3BD8272F669916BE9C1D6B17AF2B48580DD2C9204C792B8,source-side manifest replaced by this public provenance manifest,,0,
c32_diag_zygote_domain_canary_20261001/standalone/run_20261001_224407/THYME_DIAG/SHA256SUMS.txt,838,8CF1BE61BBD1836B90AB8001B8FA4EA6519E54FD0ADC05BB3200E53216B3BB78,source-side manifest replaced by this public provenance manifest,,0,
c32_diag_zygote_domain_canary_20261001/standalone/run_20261001_224407/THYME_DIAG/diag_status.log,3550,3A8629308CE4A24FDD751300822521F283C557FE8279C9F7D653FD72000BD45F,"UTF-8 text view; serial, CPUID, complete boot command line, host/build paths redacted",evidence/candidate32/standalone/firstboot/run_20261001_224407/THYME_DIAG/diag_status.redacted.log,2110,8AAB6E6ED479ACFCA3B9C1B4393300221AB5F862C6C07B2A23F87C0035C1BE73
c32_diag_zygote_domain_canary_20261001/standalone/run_20261001_224407/THYME_DIAG/metadata.raw,16777216,3DEA9B7DDAD1BA3C2F9FBB12B4D3A5B46BA8C20C32D5D24E31684357013A844D,excluded raw device partition image; local source SHA-256 retained in this manifest,,0,
c32_diag_zygote_domain_canary_20261001/standalone/run_20261001_224407/THYME_DIAG/metadata.raw.sha256,192,A9BF3F56322C5914EC40EE4243DF5B038374BD532D486C5856354C33F05D521A,checksum sidecar replaced by this public manifest; raw partition image excluded,,0,
c32_diag_zygote_domain_canary_20261001/standalone/run_20261001_224407/THYME_DIAG/misc.raw,4194304,2988E9FEAEC8C2C1BFEFF1ED924E90F98C84E14C98EFCC4B48F8D3EC6D778F51,excluded raw device partition image; local source SHA-256 retained in this manifest,,0,
c32_diag_zygote_domain_canary_20261001/standalone/run_20261001_224407/THYME_DIAG/misc.raw.sha256,86,CEF49D56A23427647F00245149A471ED94B52259A4DE6DA4DAE097CD0E4D1487,checksum sidecar replaced by this public manifest; raw partition image excluded,,0,
c32_diag_zygote_domain_canary_20261001/standalone/run_20261001_224407/THYME_DIAG/pstore_status.txt,604,AFA69694D44D38B93F2404152877A28F192DBC50D227629623387FB572CF97E7,redacted UTF-8 text view,evidence/candidate32/standalone/firstboot/run_20261001_224407/THYME_DIAG/pstore_status.txt,604,AFA69694D44D38B93F2404152877A28F192DBC50D227629623387FB572CF97E7
c32_diag_zygote_domain_canary_20261001/standalone/run_20261001_224407/THYME_DIAG/standalone_dmesg.txt,158540,EA8D57B91AD4CDEE4D3CDFBEDF0268640A0E7EC94C347AB6C0A4A7E1144F15F7,"UTF-8 text view; Standalone kernel log, device identifiers and boot identity lines redacted",evidence/candidate32/standalone/firstboot/run_20261001_224407/THYME_DIAG/standalone_dmesg.redacted.txt,158455,F8B421DDACE77BAD75472BB7F878C11E555F3F03EC7462A29E80BC9E780A8C48
c32_diag_zygote_domain_canary_20261001/standalone/run_20261001_224407/THYME_DIAG/System Volume Information/IndexerVolumeGuid,76,62B5BCE370519714645A9B1069212666FDCBE8585C3DC40D44DD48228673B9CF,Windows-generated volume metadata excluded,,0,
c32_diag_zygote_domain_canary_20261001/standalone/run_20261001_224407/THYME_DIAG/System Volume Information/WPSettings.dat,12,B195C0986EAD95EF6BCD1A7B90B4579C308101D88B57B649674D7D81FA793B70,Windows-generated volume metadata excluded,,0,
c32_diag_zygote_domain_canary_20261001/standalone/run_20261001_224407/THYME_DIAG/pstore/console-ramoops-0,1968841,835CB9AD383AC389A14763F3917C1197D241879A56EFA6A900729F5B204E079C,UTF-8 text view; device identifiers and complete boot identity lines redacted,evidence/candidate32/standalone/firstboot/run_20261001_224407/THYME_DIAG/pstore/console-ramoops-0.redacted.txt,1968756,642C4700446D4B9624926F790237B93A588C69829D495041100B9AC5E261D6EF
c32_diag_zygote_domain_canary_20261001/standalone/run_20261001_224407/THYME_DIAG/pstore/pmsg-ramoops-0,1074295,4F0965E425256C508D1BD5766D124D7002D70FAD52229B1F9BF0F05D5238CE06,byte-identical copy,evidence/candidate32/standalone/firstboot/run_20261001_224407/THYME_DIAG/pstore/pmsg-ramoops-0,1074295,4F0965E425256C508D1BD5766D124D7002D70FAD52229B1F9BF0F05D5238CE06
c32_diag_zygote_domain_canary_20261001/standalone/run_20261001_224407/EXPORT_SOURCE.txt,312,951CA4C5AB017B6283917F52FD811D6437E835C8FEA96292B3C1C5E6391D0FA2,redacted UTF-8 text view; local paths normalized,evidence/candidate32/standalone/firstboot/run_20261001_224407/EXPORT_SOURCE.redacted.txt,312,951CA4C5AB017B6283917F52FD811D6437E835C8FEA96292B3C1C5E6391D0FA2
c32_diag_zygote_domain_canary_20261001/standalone/run_20261001_224407/host_salvage_timeline.csv,1810,AE558CBB464B302D6CFEB607363A763312CC6DF4BD8A4151763881EEEB690530,redacted UTF-8 CSV; serial and local paths normalized,evidence/candidate32/standalone/firstboot/run_20261001_224407/host_salvage_timeline.redacted.csv,1840,5828FF7D90923B211F8CDE7136B42F5F4AC1631CC0AE67CA971AFD5F8D5C419D
c32_diag_zygote_domain_canary_20261001/standalone/run_20261001_224407/FILE_MANIFEST.csv,1377,1A10EFB61C41B17806E169EB97D699C18AD944E13B989D43CCCA34FEF4FECAA4,replaced by public provenance manifest and public SHA-256 list,,0,
c32_diag_zygote_domain_canary_20261001/standalone/run_20261001_224407/SHA256SUMS.txt,1279,CDBF96BFC6857D6627B8136838841C0A79074D548C9304DA630A8A7FB77D15A4,replaced by public provenance manifest and public SHA-256 list,,0,
c32_diag_zygote_domain_canary_20261001/observations/run_20261001_222822/fastboot_preboot_state.txt,1213,C85416D029443ABFB7949735281F90BE52A6B2B9018A7DA7207CEEEE04E7F08C,redacted UTF-8 host observation; serial/USB instance and local paths normalized,evidence/candidate32/standalone/firstboot/run_20261001_224407/observer/fastboot_preboot_state.redacted.txt,1239,AD2E86D3ABA3B939A499F923C80A7FCC303AA9BEDFBEFAF57D092F8EE565A2EE
c32_diag_zygote_domain_canary_20261001/observations/run_20261001_222822/fastboot_postboot_state.txt,1249,72A78EAAE3CD1DDEF17F9C84BA57445710D08869935E9621B80B5A4C3B56B4D9,redacted UTF-8 host observation; serial/USB instance and local paths normalized,evidence/candidate32/standalone/firstboot/run_20261001_224407/observer/fastboot_postboot_state.redacted.txt,1275,2457C48FBEDD0BDB1989C24CDC041D1E1C75DEBD816F7B63CE5B052F7EF89079
c32_diag_zygote_domain_canary_20261001/observations/run_20261001_222822/host_events.jsonl,9146,53346A4274C8DABA1A1E7EBC63098E7850A800B2ECD78927FBCD8378B8EB1E0F,redacted UTF-8 host observation; serial/USB instance and local paths normalized,evidence/candidate32/standalone/firstboot/run_20261001_224407/observer/host_events.redacted.jsonl,9450,BF26B4F77E63F3B74E3F49312E6F103C5D14BE02E2D29E0341A182EA13DF7400
c32_diag_zygote_domain_canary_20261001/observations/run_20261001_222822/logcat_all_monotonic.txt,0,E3B0C44298FC1C149AFBF4C8996FB92427AE41E4649B934CA495991B7852B855,empty observation output (0 bytes),evidence/candidate32/standalone/firstboot/run_20261001_224407/observer/logcat_all_monotonic.txt,0,E3B0C44298FC1C149AFBF4C8996FB92427AE41E4649B934CA495991B7852B855
c32_diag_zygote_domain_canary_20261001/observations/run_20261001_222822/logcat_client_stderr.txt,0,E3B0C44298FC1C149AFBF4C8996FB92427AE41E4649B934CA495991B7852B855,empty observation output (0 bytes),evidence/candidate32/standalone/firstboot/run_20261001_224407/observer/logcat_client_stderr.txt,0,E3B0C44298FC1C149AFBF4C8996FB92427AE41E4649B934CA495991B7852B855
c32_diag_zygote_domain_canary_20261001/observations/run_20261001_222822/observer_armed.json,578,DA550D8BA441F9415442A07411632A668D7F0CB8657B6D76186395A6C0869D8F,redacted UTF-8 host observation; serial/USB instance and local paths normalized,evidence/candidate32/standalone/firstboot/run_20261001_224407/observer/observer_armed.redacted.json,609,048501C2675CCB5F9BE9A3462690A7C2A7DA0916675BB59DEB8EA6B870BF4BE3
c32_diag_zygote_domain_canary_20261001/observations/run_20261001_222822/run_metadata.json,320,649FB69632A7D2C196CC1E116AABF1CEDBCC6C9EE2FF9904E709D44F920FCF8D,redacted UTF-8 host observation; serial/USB instance and local paths normalized,evidence/candidate32/standalone/firstboot/run_20261001_224407/observer/run_metadata.redacted.json,335,32732EAA5360471E1DB870DF278FDD0E9D0FD9875BFF6F65264668BF8A231EF2
c32_diag_zygote_domain_canary_20261001/observations/run_20261001_222822/usb_adb_fastboot_timeline.csv,593124,F883308EA0BCE63EE7E7751DCA5B76363F0A43ED382C20A7FEF0C33912408341,redacted UTF-8 host observation; serial/USB instance and local paths normalized,evidence/candidate32/standalone/firstboot/run_20261001_224407/observer/usb_adb_fastboot_timeline.redacted.csv,632388,3A29777A0119D603F25940AF834FC3ECB636B9A401CC298AF55D5A96CD84A033
observations/run_20261001_222822/fastboot_state_after_standalone_user_return.txt,1057,C28A9ADE4ADD267D015A08EE7610C549D20D06FB86389CA3FEB2D513E9598ECD,redacted UTF-8 live read-only Fastboot readback; serial and local paths omitted,evidence/candidate32/standalone/firstboot/run_20261001_224407/observer/fastboot_state_after_standalone_user_return.redacted.txt,1073,ADA7D4A3C6BD196A03EE9F14B38A194BBC8D25F7F338A5B5B844EA89D23C09FE
