"Source","PublishedPath","SourceBytes","PublishedBytes","SHA256","Transform"
"work/reports/20260929_C26_ZYGOTE_FIRST_EXIT/standalone/run_20260929_133135/COPY_ERRORS.txt","evidence/candidate26/run_20260929_133135/standalone/COPY_ERRORS.txt","111","111","D9EE9F2DB02519696749F9BAD409F08826A5F3485E7966B35325C4FD0B4A3739","redacted-text"
"work/reports/20260929_C26_ZYGOTE_FIRST_EXIT/standalone/run_20260929_133135/EXPORT_SOURCE.txt","evidence/candidate26/run_20260929_133135/standalone/EXPORT_SOURCE.txt","318","318","448B5441C1628A35050544E1F382B2DB7E578F6CE3426C662E98AE99ADAE8D4E","redacted-text"
"work/reports/20260929_C26_ZYGOTE_FIRST_EXIT/standalone/run_20260929_133135/host_salvage_timeline.csv","evidence/candidate26/run_20260929_133135/standalone/host_salvage_timeline.csv","2153","2185","19893368EACD964FB37E2A4CCF5053CFF2F11F3F2A7B480ED75861C59C7D2534","redacted-text"
"work/reports/20260929_C26_ZYGOTE_FIRST_EXIT/standalone/run_20260929_133135/THYME_DIAG/diag_status.log","evidence/candidate26/run_20260929_133135/standalone/THYME_DIAG/diag_status.log","3386","3348","5D068325EA131ACD70C68CF82D98BF6F87FE4588A27BF02BDE00EE9BBA68A36E","redacted-text"
"work/reports/20260929_C26_ZYGOTE_FIRST_EXIT/standalone/run_20260929_133135/THYME_DIAG/C25_METADATA_COPY_VERIFY.txt","evidence/candidate26/run_20260929_133135/standalone/THYME_DIAG/C25_METADATA_COPY_VERIFY.txt","2012","2016","1340E4747E1A9CFF96BE34ED3E29716A9D1F287F85605E3AA0ADA0700979B403","redacted-text"
"work/reports/20260929_C26_ZYGOTE_FIRST_EXIT/standalone/run_20260929_133135/THYME_DIAG/C25_metadata/C25_bootdiag_19700120T231537Z_1026.log","evidence/candidate26/run_20260929_133135/standalone/THYME_DIAG/C25_metadata/C25_bootdiag_19700120T231537Z_1026.log","77350","77350","BC0B9442CF93224393DC36441BF38BD778BF35CEE8F568BDBA2CAC2E354892EA","byte-identical"
"work/reports/20260929_C26_ZYGOTE_FIRST_EXIT/standalone/run_20260929_133135/THYME_DIAG/C25_metadata/C25_bootdiag_19700121T132132Z_1024.log","evidence/candidate26/run_20260929_133135/standalone/THYME_DIAG/C25_metadata/C25_bootdiag_19700121T132132Z_1024.log","4096","4096","C11FDC03CBDF7A9591EE9155AB0201F4CC65ED7D02BE25C0381770D7F45DA63B","byte-identical"
"work/reports/20260929_C26_ZYGOTE_FIRST_EXIT/standalone/run_20260929_133135/THYME_DIAG/C25_metadata/C25_INIT_TRIGGER.txt","evidence/candidate26/run_20260929_133135/standalone/THYME_DIAG/C25_metadata/C25_INIT_TRIGGER.txt","33","33","16DEB11AF47FB66826E9AB1C64999FC4B5A082C9BE2C0F17E59C19BEC4E577F3","byte-identical"
"work/reports/20260929_C26_ZYGOTE_FIRST_EXIT/standalone/run_20260929_133135/THYME_DIAG/C25_metadata/C26_INIT_TRIGGER.txt","evidence/candidate26/run_20260929_133135/standalone/THYME_DIAG/C25_metadata/C26_INIT_TRIGGER.txt","33","33","FAA0CA5A2D56CCE0DE4B467FBFCFE08C371AF90B0468B0F0C7EF00248EAC7649","byte-identical"
"work/reports/20260929_C26_ZYGOTE_FIRST_EXIT/standalone/run_20260929_133135/THYME_DIAG/C25_metadata/C26_logcat_19700121T132132Z_u15297_p1025.txt","evidence/candidate26/run_20260929_133135/standalone/THYME_DIAG/C25_metadata/C26_logcat_19700121T132132Z_u15297_p1025.txt","8564736","8565050","1CE0A56DE31611FEC2974A30DF0935869C7BF0D181F819289B55CD992838EF7E","cpuid-redacted-text"
"work/reports/20260929_C26_ZYGOTE_FIRST_EXIT/standalone/run_20260929_133135/THYME_DIAG/C25_metadata/C26_logcat_start_19700121T132132Z_u15297_p1025.txt","evidence/candidate26/run_20260929_133135/standalone/THYME_DIAG/C25_metadata/C26_logcat_start_19700121T132132Z_u15297_p1025.txt","188","188","7047F013568ECC2DEAB1BFB0C90205FAE54BED2E230E31BCFE25C1AF2CBAD421","byte-identical"
"work/reports/20260929_C26_ZYGOTE_FIRST_EXIT/standalone/run_20260929_133135/THYME_DIAG/C25_metadata/C26_zygote_events_19700121T132132Z_u15312_p1026_0.log","evidence/candidate26/run_20260929_133135/standalone/THYME_DIAG/C25_metadata/C26_zygote_events_19700121T132132Z_u15312_p1026_0.log","32768","32768","6367817E0A500C7B3F458DCC6643F682A9DCAADC06979D5BEDA0B94B5A7C0B59","byte-identical"
"work/reports/20260929_C26_ZYGOTE_FIRST_EXIT/standalone/run_20260929_133135/THYME_DIAG/C25_metadata/C26_zygote_tails_19700121T132132Z_u15312_p1026_0.log","evidence/candidate26/run_20260929_133135/standalone/THYME_DIAG/C25_metadata/C26_zygote_tails_19700121T132132Z_u15312_p1026_0.log","93356","93356","8CC150FF39706BC6E3A4A49104B6088264F8F55B1346532DFAA588C7090DFFDE","byte-identical"
"work/reports/20260929_C26_ZYGOTE_FIRST_EXIT/observations/run_20260929_131953/fastboot_preboot_state.txt","evidence/candidate26/run_20260929_133135/host-observations/fastboot_preboot_state.txt","274","276","36C556FB290A47357A47F7DBBBA9A6E1418E0E8082069C22847F10F8F4AC9FCE","redacted-text"
"work/reports/20260929_C26_ZYGOTE_FIRST_EXIT/observations/run_20260929_131953/host_events.jsonl","evidence/candidate26/run_20260929_133135/host-observations/host_events.jsonl","2736","2832","7F4856BD8FF9BA37B9123BFA0C79A51B584CFBC9E04C838D3B32E1B97F435E4D","redacted-text"
"work/reports/20260929_C26_ZYGOTE_FIRST_EXIT/observations/run_20260929_131953/logcat_all_monotonic.txt","evidence/candidate26/run_20260929_133135/host-observations/logcat_all_monotonic.txt","0","0","E3B0C44298FC1C149AFBF4C8996FB92427AE41E4649B934CA495991B7852B855","byte-identical"
"work/reports/20260929_C26_ZYGOTE_FIRST_EXIT/observations/run_20260929_131953/logcat_client_stderr.txt","evidence/candidate26/run_20260929_133135/host-observations/logcat_client_stderr.txt","0","0","E3B0C44298FC1C149AFBF4C8996FB92427AE41E4649B934CA495991B7852B855","byte-identical"
"work/reports/20260929_C26_ZYGOTE_FIRST_EXIT/observations/run_20260929_131953/observer_armed.json","evidence/candidate26/run_20260929_133135/host-observations/observer_armed.json","561","593","7D998A130F5670759AFB76FB5EFD9DFA5B222BA0EE2BAC5C05C8472E02D1287A","redacted-text"
"work/reports/20260929_C26_ZYGOTE_FIRST_EXIT/observations/run_20260929_131953/run_metadata.json","evidence/candidate26/run_20260929_133135/host-observations/run_metadata.json","303","319","F53A0F85E522E91E68F9BD74263840C3812FD7379390F928001A0E20D6E1D301","redacted-text"
"work/reports/20260929_C26_ZYGOTE_FIRST_EXIT/observations/run_20260929_131953/usb_adb_fastboot_timeline.csv","evidence/candidate26/run_20260929_133135/host-observations/usb_adb_fastboot_timeline.csv","103637","104389","7C24F0152F731A5080868ED4D20E6C4952F397FFE6727D8FE4BC64D368F823BB","redacted-text"
