"Source","PublishedPath","SourceBytes","SourceSHA256","PublishedBytes","PublishedSHA256","Transform"
"work/reports/20260928_C25_FIRST_SCREEN_DIAG/standalone/run_20260928_234427_meta_ro/THYME_DIAG/C25_METADATA_COPY_VERIFY.txt","evidence/candidate25/run_20260928_234427_meta_ro/standalone/run_20260928_234427_meta_ro/THYME_DIAG/C25_METADATA_COPY_VERIFY.txt","557","95B6F79951A09F31942AFAEA6919D0CF7EC5139C2A59F36A1462217B957918ED","557","95B6F79951A09F31942AFAEA6919D0CF7EC5139C2A59F36A1462217B957918ED","none"
"work/reports/20260928_C25_FIRST_SCREEN_DIAG/standalone/run_20260928_234427_meta_ro/THYME_DIAG/C25_metadata/C25_INIT_TRIGGER.txt","evidence/candidate25/run_20260928_234427_meta_ro/standalone/run_20260928_234427_meta_ro/THYME_DIAG/C25_metadata/C25_INIT_TRIGGER.txt","33","16DEB11AF47FB66826E9AB1C64999FC4B5A082C9BE2C0F17E59C19BEC4E577F3","33","16DEB11AF47FB66826E9AB1C64999FC4B5A082C9BE2C0F17E59C19BEC4E577F3","none"
"work/reports/20260928_C25_FIRST_SCREEN_DIAG/standalone/run_20260928_234427_meta_ro/THYME_DIAG/C25_metadata/C25_bootdiag_19700120T231537Z_1026.log","evidence/candidate25/run_20260928_234427_meta_ro/standalone/run_20260928_234427_meta_ro/THYME_DIAG/C25_metadata/C25_bootdiag_19700120T231537Z_1026.log","73596","8DE2F9FAEB5838A70C83AF35A674EF0A8EA471D6DE0DBFD8F16796B0D1301826","73596","8DE2F9FAEB5838A70C83AF35A674EF0A8EA471D6DE0DBFD8F16796B0D1301826","none"
"work/reports/20260928_C25_FIRST_SCREEN_DIAG/standalone/run_20260928_234427_meta_ro/THYME_DIAG/diag_status.log","evidence/candidate25/run_20260928_234427_meta_ro/standalone/run_20260928_234427_meta_ro/THYME_DIAG/diag_status.redacted.txt","3386","6FEF0043E68C18983C1CA4EE43C4819AD10C75FED65C99D515332A8176855F93","3352","990EB3A01202DEC5F2AFB8F7BF3EEC620CE50CA8FF9606710AB96F47A94A1229","redacted serial, cpuid, host, local paths and misc hash"
"work/reports/20260928_C25_FIRST_SCREEN_DIAG/standalone/run_20260928_234427_meta_ro/THYME_DIAG/System Volume Information/IndexerVolumeGuid","evidence/candidate25/run_20260928_234427_meta_ro/standalone/run_20260928_234427_meta_ro/THYME_DIAG/System Volume Information/IndexerVolumeGuid","76","1042470DBB6A482C4FD699D4DE9183BD565BA0F68AC0F623CE8F38C27773E136","76","1042470DBB6A482C4FD699D4DE9183BD565BA0F68AC0F623CE8F38C27773E136","none"
"work/reports/20260928_C25_FIRST_SCREEN_DIAG/standalone/run_20260928_234427_meta_ro/THYME_DIAG/System Volume Information/WPSettings.dat","evidence/candidate25/run_20260928_234427_meta_ro/standalone/run_20260928_234427_meta_ro/THYME_DIAG/System Volume Information/WPSettings.dat","12","406E709999B7AE77BDA069A9F21BA9DD1F4786D5CF6A6207DD94BB1FB1BFB1B1","12","406E709999B7AE77BDA069A9F21BA9DD1F4786D5CF6A6207DD94BB1FB1BFB1B1","none"
"work/reports/20260928_C25_FIRST_SCREEN_DIAG/standalone/run_20260928_234427_meta_ro/HOST_PREFLIGHT.txt","evidence/candidate25/run_20260928_234427_meta_ro/standalone/run_20260928_234427_meta_ro/HOST_PREFLIGHT.txt","525","DC373B041BA6F44C8719681267B009EE58FE15EF16B2101E5DD0432189B2ED98","475","A3F00D42DC79D46BFE442CC2D8C775D87A5EDBF5AB80E66F5CD2C8A0930CF9A6","redacted serial and local paths"
"work/reports/20260928_C25_FIRST_SCREEN_DIAG/standalone/run_20260928_234427_meta_ro/fastboot_boot_output.txt","evidence/candidate25/run_20260928_234427_meta_ro/standalone/run_20260928_234427_meta_ro/fastboot_boot_output.txt","317","C5B196C9D131D2B3F4087807A47F32D239E098C00C2C012F7D4726546B5B0C5F","251","B6B63DF7F74E099BDE857F927EFA59F90ED9583CF86C3FBCB5E8060646E64998","redacted local paths"
"work/reports/20260928_C25_FIRST_SCREEN_DIAG/standalone/run_20260928_234427_meta_ro/THYME_DIAG_PREBOOT_VOLUMES.txt","evidence/candidate25/run_20260928_234427_meta_ro/standalone/run_20260928_234427_meta_ro/THYME_DIAG_PREBOOT_VOLUMES.txt","2","7EB70257593DA06F682A3DDDA54A9D260D4FC514F645237F5CA74B08F8DA61A6","2","7EB70257593DA06F682A3DDDA54A9D260D4FC514F645237F5CA74B08F8DA61A6","none"
"work/reports/20260928_C25_FIRST_SCREEN_DIAG/standalone/run_20260928_234427_meta_ro/THYME_DIAG_SOURCE_VOLUME.txt","evidence/candidate25/run_20260928_234427_meta_ro/standalone/run_20260928_234427_meta_ro/THYME_DIAG_SOURCE_VOLUME.txt","114","809B1A01E70E4C5372F002BD8ABD4DFEB9C917E6DABAE1998BA57701A4DA800F","114","809B1A01E70E4C5372F002BD8ABD4DFEB9C917E6DABAE1998BA57701A4DA800F","none"
"work/reports/20260928_C25_FIRST_SCREEN_DIAG/standalone/run_20260928_234427_meta_ro/COPY_SUMMARY.txt","evidence/candidate25/run_20260928_234427_meta_ro/standalone/run_20260928_234427_meta_ro/COPY_SUMMARY.txt","335","15A4B8F917ABCF0D63D79DBCDBA3216DDC3F91F56DE60F38722F8B6464F78E0B","247","E23E87AAA6132B89C80D2AE0F31D3D5418B1272D83F3EA580720B71073A195F6","redacted local absolute path"
"work/reports/20260928_C25_FIRST_SCREEN_DIAG/observations/run_20260928_231358/fastboot_preboot_state.txt","evidence/candidate25/run_20260928_234427_meta_ro/host-observations/run_20260928_231358/fastboot_preboot_state.txt","274","F49D6D90FC9D4F9592644579AB6C734B76305D448C11D9A671C5E3CD0893FBB4","290","AF2AE996FDD6BC8FD8634AC18C69A0BB6CAE81DA20BAC78B4B5F53E5504F6EDA","redacted device ID and local paths"
"work/reports/20260928_C25_FIRST_SCREEN_DIAG/observations/run_20260928_231358/host_events.jsonl","evidence/candidate25/run_20260928_234427_meta_ro/host-observations/run_20260928_231358/host_events.jsonl","2652","FEA8CDF15BF1557453CA382046D1EFDAE98270F90385F4C632E1B48C215FE2C3","2748","2BC5E278C37B20C245486F98D6282E61EC5C03907AE16B3FA57D1CB9CCE77922","redacted device ID and local paths"
"work/reports/20260928_C25_FIRST_SCREEN_DIAG/observations/run_20260928_231358/logcat_all_monotonic.txt","evidence/candidate25/run_20260928_234427_meta_ro/host-observations/run_20260928_231358/logcat_all_monotonic.txt","0","E3B0C44298FC1C149AFBF4C8996FB92427AE41E4649B934CA495991B7852B855","0","E3B0C44298FC1C149AFBF4C8996FB92427AE41E4649B934CA495991B7852B855","none; source file empty"
"work/reports/20260928_C25_FIRST_SCREEN_DIAG/observations/run_20260928_231358/logcat_client_stderr.txt","evidence/candidate25/run_20260928_234427_meta_ro/host-observations/run_20260928_231358/logcat_client_stderr.txt","0","E3B0C44298FC1C149AFBF4C8996FB92427AE41E4649B934CA495991B7852B855","0","E3B0C44298FC1C149AFBF4C8996FB92427AE41E4649B934CA495991B7852B855","none; source file empty"
"work/reports/20260928_C25_FIRST_SCREEN_DIAG/observations/run_20260928_231358/observer_armed.json","evidence/candidate25/run_20260928_234427_meta_ro/host-observations/run_20260928_231358/observer_armed.json","561","FB22963A7CED328885326F29F04AF830E412EFEF135A7CA5D37587A96128F668","593","960C4189199C405232AE5B6A7CEE87A77DC2D28B6F62BCE4DC7CB2BF38F88D12","redacted device ID and local paths"
"work/reports/20260928_C25_FIRST_SCREEN_DIAG/observations/run_20260928_231358/run_metadata.json","evidence/candidate25/run_20260928_234427_meta_ro/host-observations/run_20260928_231358/run_metadata.json","302","7801411E082768437DA830A029A2694A3C44F3F45898A9F07A9AF29699FD7A00","318","BD02A2C4B98008A77C951EEC304447144C15470E9BC96133FE3E0374826D5575","redacted device ID and local paths"
"work/reports/20260928_C25_FIRST_SCREEN_DIAG/observations/run_20260928_231358/usb_adb_fastboot_timeline.csv","evidence/candidate25/run_20260928_234427_meta_ro/host-observations/run_20260928_231358/usb_adb_fastboot_timeline.csv","160095","196A3DDC222C832D6736672C621B5708313A1106C71356C360BA0E2B4FFA8466","160879","62775BB262D23A0AD29100A686759F19D4BB3F55F09D15F9C6B67AE07F504501","redacted device ID and local paths"
