"published_path","source_bytes","source_sha256","published_bytes","published_sha256","transformation"
"host/run_metadata.json.redacted.txt","330","E51393F6BC733F0387B81E15F1F1B13042B2BAA32A65E579C7AB18483DA0B5CB","346","114DFE3DCBC4AE1E1A959B34C957315F6EABAC8263BF4124F55C705668051EAF","Full text; device serial and private host paths redacted."
"host/observer_armed.json.redacted.txt","589","180D23770C9ED26541102B632A32D2C3DEC3C7172316DB549D18AD4B005518D3","617","88D1DEA18F0F85EF47563EBB0DB22F2A4D382331ECED1B8A7BE0D3D1BE98FF33","Full text; device serial and private host paths redacted."
"host/usb_adb_fastboot_timeline.csv.redacted.txt","118439","361758F903DCA843622976E3BBB7B6A078C29C57C19B1CDCE1278A1449D9E7A9","121703","CE08CC162F61E4F89D9D5FFFF17E8A119FAFEC8AC74E204CA5374BB0D6ECCD35","Full text; device serial and private host paths redacted."
"host/logcat_client_stderr.txt.redacted.txt","0","E3B0C44298FC1C149AFBF4C8996FB92427AE41E4649B934CA495991B7852B855","0","E3B0C44298FC1C149AFBF4C8996FB92427AE41E4649B934CA495991B7852B855","Full text; device serial and private host paths redacted."
"host/logcat_all_monotonic.txt.redacted.txt","0","E3B0C44298FC1C149AFBF4C8996FB92427AE41E4649B934CA495991B7852B855","0","E3B0C44298FC1C149AFBF4C8996FB92427AE41E4649B934CA495991B7852B855","Full text; device serial and private host paths redacted."
"host/host_fastboot_commands.csv.redacted.txt","283","DCDDA4E423116C238E46C1D018403A0A3AC5A55957436E51C683F4C9184BB0D2","307","7191C9E1DB67E3BC3CFAEF88BFB51A4ED01F8D054FB121D661A8CFC20265A52A","Full text; device serial and private host paths redacted."
"host/host_events.jsonl.redacted.txt","2050","8BA179B4562B13E289DEADC5372E4F2D50457DB70EF604497A6B84520E70C2ED","2110","B99DD9A25B83895A104AD864A650B0CFAF8C560151D6C6667396F00286EC3470","Full text; device serial and private host paths redacted."
"host/fastboot_preboot_state.txt.redacted.txt","256","0DE564FF94D7AF7F5EBBB8A7B7E2F2157E52D570911A54E891CF2D51F7EBBEF1","256","0DE564FF94D7AF7F5EBBB8A7B7E2F2157E52D570911A54E891CF2D51F7EBBEF1","Full text; device serial and private host paths redacted."
"host/standalone_export_timeline_initial.redacted.txt","3450","5E70DD1B6451D9AA2BB51541DA653888685B88AD91DBFD604DF8DA7C9248A623","3482","E19026633B908353A0694154D5020945AB822ECCB4629AFD6E0FE01776F2AFAF","Full timeline; serial and private host paths redacted."
"host/standalone_export_timeline_pstore.redacted.txt","3477","07A37FEFD9F41399D85229F37D5EEA70F43AE6233B1A91785BBAB49ADBDCA9DC","3509","AEE0495A04DC0FA8A242E76A819D1F00FE0CF965AA45A980F52F86618560EC5F","Full timeline; serial and private host paths redacted."
"standalone/diag_status.log.redacted.txt","4243","EAE5CC53692CD3A72EAB1685841E70B6E519568B7DFDF93051988F0CE6943296","4171","93ABB5584E11197ADCC1ED6283769992C1BD0E1DB3A4378408B514FDBEFF87FA","Full diagnostic status; host identifiers/private build paths and raw metadata/misc partition hashes redacted."
"standalone/dmesg_standalone.txt.redacted.txt","154157","53BCDE0C88EDA9597A9F05A07F5CC22836D07D57316181C0BF76251536A047F8","154155","5E039FE12D3436ACFC9D3A57E5161924C6F3E8506424FEE0C384D62531E5573D","Full Standalone kernel log; host identifiers and private build paths redacted."
"standalone/pstore_status.txt","334","7B4E8836353E0C4381C7EB59949DCE0A1A0144D115AD6188E0C9F4440F195B49","334","7B4E8836353E0C4381C7EB59949DCE0A1A0144D115AD6188E0C9F4440F195B49","Exact bytes; no private identifier found."
"standalone/pstore/console-ramoops-0.redacted.txt","224259","3D502B6D0EF9E80EDDBFC02BEFEDD88D050FF2ABDBF71210FE3632BB4908034E","224257","C1E26BDAFE43034D7CF59388548990C76645E9D4C6C182A5E23BF4D0EDC587AC","Full console text; host identifiers and private build paths redacted."
"metadata-journal-recovery/C29_events_33acf59f-e176-452b-a140-29747caa52ea.log","0","E3B0C44298FC1C149AFBF4C8996FB92427AE41E4649B934CA495991B7852B855","0","E3B0C44298FC1C149AFBF4C8996FB92427AE41E4649B934CA495991B7852B855","Exact recovered C29 marker/log file from verified host working copy; no identifiers found."
"metadata-journal-recovery/C29_INIT_LOGCAT_STOPPED.txt","46","2EB062E815286AEF0002D7AAF0D106EF8CF071AC9579746425ACEF9EADBB31C9","46","2EB062E815286AEF0002D7AAF0D106EF8CF071AC9579746425ACEF9EADBB31C9","Exact recovered C29 marker/log file from verified host working copy; no identifiers found."
"metadata-journal-recovery/C29_INIT_NETD_RESTARTING.txt","43","3E27BD22BFC65BC6EC0E04C0CA348BD91E2026646DB8C0D9563399FC4C787828","43","3E27BD22BFC65BC6EC0E04C0CA348BD91E2026646DB8C0D9563399FC4C787828","Exact recovered C29 marker/log file from verified host working copy; no identifiers found."
"metadata-journal-recovery/C29_INIT_NETD_RUNNING.txt","40","F801E9C5B088CB7CE37F49165909321852CB522AA734D9327F84CC9506FCD70B","40","F801E9C5B088CB7CE37F49165909321852CB522AA734D9327F84CC9506FCD70B","Exact recovered C29 marker/log file from verified host working copy; no identifiers found."
"metadata-journal-recovery/C29_INIT_PRIMARY_RESTARTING.txt","45","6C8C9B9C3015DFFF339A7E0FB28C5A30DB5CCFB41A3C9C9E8E525FEC24C95277","45","6C8C9B9C3015DFFF339A7E0FB28C5A30DB5CCFB41A3C9C9E8E525FEC24C95277","Exact recovered C29 marker/log file from verified host working copy; no identifiers found."
"metadata-journal-recovery/C29_INIT_PRIMARY_RUNNING.txt","42","C1BF7D6B5CC72DADB07AC5906F2A08BBC4791D8FF61351989BB0024661E77FDC","42","C1BF7D6B5CC72DADB07AC5906F2A08BBC4791D8FF61351989BB0024661E77FDC","Exact recovered C29 marker/log file from verified host working copy; no identifiers found."
"metadata-journal-recovery/C29_INIT_SECONDARY_RUNNING.txt","52","6DD3DC029A3E6E7E5B3F60C9A7CEBF6BE1127046A78EFF6981AE4E8ED20D1D56","52","6DD3DC029A3E6E7E5B3F60C9A7CEBF6BE1127046A78EFF6981AE4E8ED20D1D56","Exact recovered C29 marker/log file from verified host working copy; no identifiers found."
"metadata-journal-recovery/C29_logcat_status_33acf59f-e176-452b-a140-29747caa52ea_u15291_p1027.txt","0","E3B0C44298FC1C149AFBF4C8996FB92427AE41E4649B934CA495991B7852B855","0","E3B0C44298FC1C149AFBF4C8996FB92427AE41E4649B934CA495991B7852B855","Exact recovered C29 marker/log file from verified host working copy; no identifiers found."
