"Candidate","Source","PublishedPath","Bytes","SourceSHA256","PublishedSHA256","Match"
"C24","work/reports/20260928_C24_FRAMEWORK_DISPLAY_DIAG/observations/run_20260928_192502/device_preflight_fastboot.txt","evidence/candidate24/framework_display/20260928_194944/host_observations/preboot/device_preflight_fastboot.txt","1264","2F7F5031B2142B4B573AC258F1D12E8990D2CE24F696DEB8B6D60B61C3EC6CFF","2F7F5031B2142B4B573AC258F1D12E8990D2CE24F696DEB8B6D60B61C3EC6CFF","yes"
"C24","work/reports/20260928_C24_FRAMEWORK_DISPLAY_DIAG/observations/run_20260928_192502/host_events.jsonl","evidence/candidate24/framework_display/20260928_194944/host_observations/preboot/host_events.jsonl","1717","93B567D4FE59107F8C5500426E89FB136A0E19C54EA40C10B9C30E796F9B34B8","93B567D4FE59107F8C5500426E89FB136A0E19C54EA40C10B9C30E796F9B34B8","yes"
"C24","work/reports/20260928_C24_FRAMEWORK_DISPLAY_DIAG/observations/run_20260928_192502/logcat_all_monotonic.txt","evidence/candidate24/framework_display/20260928_194944/host_observations/preboot/logcat_all_monotonic.txt","0","E3B0C44298FC1C149AFBF4C8996FB92427AE41E4649B934CA495991B7852B855","E3B0C44298FC1C149AFBF4C8996FB92427AE41E4649B934CA495991B7852B855","yes"
"C24","work/reports/20260928_C24_FRAMEWORK_DISPLAY_DIAG/observations/run_20260928_192502/logcat_client_stderr.txt","evidence/candidate24/framework_display/20260928_194944/host_observations/preboot/logcat_client_stderr.txt","0","E3B0C44298FC1C149AFBF4C8996FB92427AE41E4649B934CA495991B7852B855","E3B0C44298FC1C149AFBF4C8996FB92427AE41E4649B934CA495991B7852B855","yes"
"C24","work/reports/20260928_C24_FRAMEWORK_DISPLAY_DIAG/observations/run_20260928_192502/observer_armed.json","evidence/candidate24/framework_display/20260928_194944/host_observations/preboot/observer_armed.json","571","517F3671282B22E38E579426A015814BA11E0B30BEF6A8BC41E6FBB55BC92B77","517F3671282B22E38E579426A015814BA11E0B30BEF6A8BC41E6FBB55BC92B77","yes"
"C24","work/reports/20260928_C24_FRAMEWORK_DISPLAY_DIAG/observations/run_20260928_192502/run_metadata.json","evidence/candidate24/framework_display/20260928_194944/host_observations/preboot/run_metadata.json","313","A7CCFD8D35DA58C201A8BA8B5B5F340D479AB6A10B82A847371129BA9980E45F","A7CCFD8D35DA58C201A8BA8B5B5F340D479AB6A10B82A847371129BA9980E45F","yes"
"C24","work/reports/20260928_C24_FRAMEWORK_DISPLAY_DIAG/observations/run_20260928_192502/startup_command.txt","evidence/candidate24/framework_display/20260928_194944/host_observations/preboot/startup_command.txt","373","4E1B5AD0DC694B77190BB0A88DB026274C82661A76640DE01489CBEDAD972823","4E1B5AD0DC694B77190BB0A88DB026274C82661A76640DE01489CBEDAD972823","yes"
"C24","work/reports/20260928_C24_FRAMEWORK_DISPLAY_DIAG/observations/run_20260928_192502/usb_adb_fastboot_timeline.csv","evidence/candidate24/framework_display/20260928_194944/host_observations/preboot/usb_adb_fastboot_timeline.csv","614936","9A1A0FD5F998B91FDE05F06C8C71AEA5FA6AFDC1E73ED25354156EA417073F0E","9A1A0FD5F998B91FDE05F06C8C71AEA5FA6AFDC1E73ED25354156EA417073F0E","yes"
"C24","work/reports/20260928_C24_FRAMEWORK_DISPLAY_DIAG/observations_postboot/run_20260928_195017/device_postboot_fastboot.txt","evidence/candidate24/framework_display/20260928_194944/host_observations/postboot/device_postboot_fastboot.txt","1141","8211561B46DC06066D4C7D70A59E85DDF1852F6B25FD80BD023F13AF98A8C5A4","8211561B46DC06066D4C7D70A59E85DDF1852F6B25FD80BD023F13AF98A8C5A4","yes"
"C24","work/reports/20260928_C24_FRAMEWORK_DISPLAY_DIAG/observations_postboot/run_20260928_195017/host_events.jsonl","evidence/candidate24/framework_display/20260928_194944/host_observations/postboot/host_events.jsonl","3550","34A165F32D62887A478F625E52D26D480B974A3F16749C6554F4BDE3B7BCE5EC","34A165F32D62887A478F625E52D26D480B974A3F16749C6554F4BDE3B7BCE5EC","yes"
"C24","work/reports/20260928_C24_FRAMEWORK_DISPLAY_DIAG/observations_postboot/run_20260928_195017/logcat_all_monotonic.txt","evidence/candidate24/framework_display/20260928_194944/host_observations/postboot/logcat_all_monotonic.txt","0","E3B0C44298FC1C149AFBF4C8996FB92427AE41E4649B934CA495991B7852B855","E3B0C44298FC1C149AFBF4C8996FB92427AE41E4649B934CA495991B7852B855","yes"
"C24","work/reports/20260928_C24_FRAMEWORK_DISPLAY_DIAG/observations_postboot/run_20260928_195017/logcat_client_stderr.txt","evidence/candidate24/framework_display/20260928_194944/host_observations/postboot/logcat_client_stderr.txt","0","E3B0C44298FC1C149AFBF4C8996FB92427AE41E4649B934CA495991B7852B855","E3B0C44298FC1C149AFBF4C8996FB92427AE41E4649B934CA495991B7852B855","yes"
"C24","work/reports/20260928_C24_FRAMEWORK_DISPLAY_DIAG/observations_postboot/run_20260928_195017/observer_armed.json","evidence/candidate24/framework_display/20260928_194944/host_observations/postboot/observer_armed.json","582","98A94EDF240C04BBF17688BABFF087BE47D29E0EF0347EE5B2E03F1D89CC8477","98A94EDF240C04BBF17688BABFF087BE47D29E0EF0347EE5B2E03F1D89CC8477","yes"
"C24","work/reports/20260928_C24_FRAMEWORK_DISPLAY_DIAG/observations_postboot/run_20260928_195017/run_metadata.json","evidence/candidate24/framework_display/20260928_194944/host_observations/postboot/run_metadata.json","322","257E56A630AADE12D2618A6652760EDB6F7A867FBB989D8C70C6B5688DE8C17B","257E56A630AADE12D2618A6652760EDB6F7A867FBB989D8C70C6B5688DE8C17B","yes"
"C24","work/reports/20260928_C24_FRAMEWORK_DISPLAY_DIAG/observations_postboot/run_20260928_195017/usb_adb_fastboot_timeline.csv","evidence/candidate24/framework_display/20260928_194944/host_observations/postboot/usb_adb_fastboot_timeline.csv","362169","0DE0A72EA9F1AC8A2B74EA26306D3F935708674ADA04971B7C2105442F2395C7","0DE0A72EA9F1AC8A2B74EA26306D3F935708674ADA04971B7C2105442F2395C7","yes"
"C24","work/reports/20260928_C24_FRAMEWORK_DISPLAY_DIAG/observations_postboot/run_20260928_195017/user_screen_observations.txt","evidence/candidate24/framework_display/20260928_194944/host_observations/postboot/user_screen_observations.txt","347","BD9142602DE7C219F6F784178565EED90BCBF8D5E669EEF207DFAA80F44E8EC0","BD9142602DE7C219F6F784178565EED90BCBF8D5E669EEF207DFAA80F44E8EC0","yes"
"C24","work/reports/20260928_C24_FRAMEWORK_DISPLAY_DIAG/standalone/run_20260928_200722/device_current_fastboot_after_salvage.txt","evidence/candidate24/framework_display/20260928_194944/standalone/device_current_fastboot_after_salvage.txt","1132","190DED143BA0C290CE03BC72E57ABED80610103699BC3F9747116E2AEC1DFA84","190DED143BA0C290CE03BC72E57ABED80610103699BC3F9747116E2AEC1DFA84","yes"
"C24","work/reports/20260928_C24_FRAMEWORK_DISPLAY_DIAG/standalone/run_20260928_200722/EXPORT_SOURCE.txt","evidence/candidate24/framework_display/20260928_194944/standalone/EXPORT_SOURCE.txt","328","E0E39473CC3632D0FA490ACD2387477099A6B62CB2DF63A5FD1676A1A9DE1ECC","E0E39473CC3632D0FA490ACD2387477099A6B62CB2DF63A5FD1676A1A9DE1ECC","yes"
"C24","work/reports/20260928_C24_FRAMEWORK_DISPLAY_DIAG/standalone/run_20260928_200722/FILE_MANIFEST.csv","evidence/candidate24/framework_display/20260928_194944/standalone/FILE_MANIFEST.csv","883","6F0D8B3C537053E4E8968CCDB844DAA318362F2AB0EC480537ADA4E7E3355829","6F0D8B3C537053E4E8968CCDB844DAA318362F2AB0EC480537ADA4E7E3355829","yes"
"C24","work/reports/20260928_C24_FRAMEWORK_DISPLAY_DIAG/standalone/run_20260928_200722/host_salvage_timeline.csv","evidence/candidate24/framework_display/20260928_194944/standalone/host_salvage_timeline.csv","1360","788E4B6FDCC5A194EC3C012FCDB65D83902A3CEB49B127586D26E0973C9E5D3B","788E4B6FDCC5A194EC3C012FCDB65D83902A3CEB49B127586D26E0973C9E5D3B","yes"
"C24","work/reports/20260928_C24_FRAMEWORK_DISPLAY_DIAG/standalone/run_20260928_200722/SHA256SUMS.txt","evidence/candidate24/framework_display/20260928_194944/standalone/SHA256SUMS.txt","809","6F6748844DE64510BFD08AB84B4EA61029D33E7888C09D1388F120BBE00E437D","6F6748844DE64510BFD08AB84B4EA61029D33E7888C09D1388F120BBE00E437D","yes"
"C24","work/reports/20260928_C24_FRAMEWORK_DISPLAY_DIAG/standalone/run_20260928_200722/THYME_DIAG/diag_status.log","evidence/candidate24/framework_display/20260928_194944/standalone/THYME_DIAG/diag_status.log","3159","07FF59A412D98ED844D2C735DC65FF1E6FB1DABE2EFDE76D22FA0C91B9A44842","07FF59A412D98ED844D2C735DC65FF1E6FB1DABE2EFDE76D22FA0C91B9A44842","yes"
"C24","work/reports/20260928_C24_FRAMEWORK_DISPLAY_DIAG/standalone/run_20260928_200722/THYME_DIAG/dmesg_diag_boot.txt","evidence/candidate24/framework_display/20260928_194944/standalone/THYME_DIAG/dmesg_diag_boot.txt","155035","1272129524267EFFCE502F888469DDB51C7F34F0C122D677B3C75C369C87EEDE","1272129524267EFFCE502F888469DDB51C7F34F0C122D677B3C75C369C87EEDE","yes"
"C24","work/reports/20260928_C24_FRAMEWORK_DISPLAY_DIAG/standalone/run_20260928_200722/THYME_DIAG/oops.raw","evidence/candidate24/framework_display/20260928_194944/standalone/THYME_DIAG/oops.raw","16777216","7D1E254BBEB4803D79FDF96F673EF4DC9C7D0EAE68DF3019C2384B3439E4BB66","7D1E254BBEB4803D79FDF96F673EF4DC9C7D0EAE68DF3019C2384B3439E4BB66","yes"
"C24","work/reports/20260928_C24_FRAMEWORK_DISPLAY_DIAG/standalone/run_20260928_200722/THYME_DIAG/oops.raw.sha256","evidence/candidate24/framework_display/20260928_194944/standalone/THYME_DIAG/oops.raw.sha256","86","779E0F1C118D31979D1876063D30887E73EAE9590E12202C845011203AFCB91A","779E0F1C118D31979D1876063D30887E73EAE9590E12202C845011203AFCB91A","yes"
"C24","work/reports/20260928_C24_FRAMEWORK_DISPLAY_DIAG/standalone/run_20260928_200722/THYME_DIAG/pstore/console-ramoops-0","evidence/candidate24/framework_display/20260928_194944/standalone/THYME_DIAG/pstore/console-ramoops-0","2097140","FC58483EA9B964C44387B945FF20C25DCCCBF6188BBEA1EED453BE230EAD8C52","FC58483EA9B964C44387B945FF20C25DCCCBF6188BBEA1EED453BE230EAD8C52","yes"
"C24","work/reports/20260928_C24_FRAMEWORK_DISPLAY_DIAG/standalone/run_20260928_200722/THYME_DIAG/pstore/pmsg-ramoops-0","evidence/candidate24/framework_display/20260928_194944/standalone/THYME_DIAG/pstore/pmsg-ramoops-0","1944347","4FAB54A0C983CB53CA872FBD3D1697EE8A71145619076B4C435F83296046EE1C","4FAB54A0C983CB53CA872FBD3D1697EE8A71145619076B4C435F83296046EE1C","yes"
"C24","work/reports/20260928_C24_FRAMEWORK_DISPLAY_DIAG/standalone/run_20260928_200722/THYME_DIAG/System Volume Information/IndexerVolumeGuid","evidence/candidate24/framework_display/20260928_194944/standalone/THYME_DIAG/System Volume Information/IndexerVolumeGuid","76","FAB5578511B7D6BBF08675AE24B823F9FF88C350056267025850E57B7E6388A7","FAB5578511B7D6BBF08675AE24B823F9FF88C350056267025850E57B7E6388A7","yes"
"C24","work/reports/20260928_C24_FRAMEWORK_DISPLAY_DIAG/standalone/run_20260928_200722/THYME_DIAG/System Volume Information/WPSettings.dat","evidence/candidate24/framework_display/20260928_194944/standalone/THYME_DIAG/System Volume Information/WPSettings.dat","12","899FA50B6CA10F38714CB0DC25A5787A7FFF27F8A15C1FA9FD35FC25FE326EB3","899FA50B6CA10F38714CB0DC25A5787A7FFF27F8A15C1FA9FD35FC25FE326EB3","yes"
"C24","work/reports/20260928_C24_FRAMEWORK_DISPLAY_DIAG/C24首次实机取证报告_20260928.md","reports/candidate24/C24_FIRST_BOOT_EVIDENCE_20260928.md","8075","501AC61E722F6163EFC249873F73C9B2DDEE5F2305E1BCF4B7EE32A1F85DEAF8","501AC61E722F6163EFC249873F73C9B2DDEE5F2305E1BCF4B7EE32A1F85DEAF8","yes"
