Candidate,SourceRelative,PublishedPath,SourceBytes,SourceSHA256,PublishedBytes,PublishedSHA256,IdentifierRedactions,RedactionMethod
C21,observations/run_20260927_165829/fastboot_preboot_state.txt,evidence/candidate21/host-observations/run_20260927_165829/fastboot_preboot_state.txt,322,BAD3726626F9F9F82457D6D84CB846FEBAF781E201F949AA99ECB728FC95E994,334,1128175307FF17472F478654251515F9162CC848B48185234207142959BB4861,1,text identifier redaction
C21,observations/run_20260927_165829/host_events.jsonl,evidence/candidate21/host-observations/run_20260927_165829/host_events.jsonl,3896,3C2BAA0A58F528845C3479EE9A066B6E12D505820FEA019AB19CC06B0B4E157D,3956,18B90A5DA8E8D2A3D616C7E9115F17CB207C61ED587CBF6CA3893CCABA603656,5,text identifier redaction
C21,observations/run_20260927_165829/logcat_all_monotonic.txt,evidence/candidate21/host-observations/run_20260927_165829/logcat_all_monotonic.txt,0,E3B0C44298FC1C149AFBF4C8996FB92427AE41E4649B934CA495991B7852B855,0,E3B0C44298FC1C149AFBF4C8996FB92427AE41E4649B934CA495991B7852B855,0,none
C21,observations/run_20260927_165829/logcat_client_stderr.txt,evidence/candidate21/host-observations/run_20260927_165829/logcat_client_stderr.txt,0,E3B0C44298FC1C149AFBF4C8996FB92427AE41E4649B934CA495991B7852B855,0,E3B0C44298FC1C149AFBF4C8996FB92427AE41E4649B934CA495991B7852B855,0,none
C21,observations/run_20260927_165829/observer_armed.json,evidence/candidate21/host-observations/run_20260927_165829/observer_armed.json,576,E28C1E04494158343BDA137A7A52F951221A0F631BBDE042D8A552B0F710F897,588,44FDA930CF49A2AF55F55D92611A070A3E2E03716513A83229CE87EC87CA5FFD,1,text identifier redaction
C21,observations/run_20260927_165829/run_metadata.json,evidence/candidate21/host-observations/run_20260927_165829/run_metadata.json,318,D05DA1DB95A26BFA3ABBE51CE1D817203ADA8849B74B214E1B7A36F2791B6651,330,116177E99ACEB854B4A06FFE3085F3EC704178B0406495D0C2EA9163366EA686,1,text identifier redaction
C21,observations/run_20260927_165829/usb_adb_fastboot_timeline.csv,evidence/candidate21/host-observations/run_20260927_165829/usb_adb_fastboot_timeline.csv,116789,CAE739F37A80B08F02655B84FA12B1A014F6AD5AE2BDF7395FD757D8218DF9D4,117461,0B1C813388819926EAE13D4D9F8840817B3F608A9F27DD4DF57F30FA6BFF30E4,56,text identifier redaction
C21,standalone/run_20260927_170631/EXPORT_SOURCE.txt,evidence/candidate21/standalone/run_20260927_170631/EXPORT_SOURCE.txt,322,253A61755924E11A4CC41FFAAB678E71E258F6FDD51210EB6BE8E37EA9261BA7,322,253A61755924E11A4CC41FFAAB678E71E258F6FDD51210EB6BE8E37EA9261BA7,0,none
C21,standalone/run_20260927_170631/FILE_MANIFEST.csv,evidence/candidate21/standalone/run_20260927_170631/FILE_MANIFEST.csv,883,F6BB6AA0F699C4F83763333920D4A2CE7A90D907A982E64EDDD6A0711C3855CA,883,F6BB6AA0F699C4F83763333920D4A2CE7A90D907A982E64EDDD6A0711C3855CA,0,none
C21,standalone/run_20260927_170631/host_salvage_timeline.csv,evidence/candidate21/standalone/run_20260927_170631/host_salvage_timeline.csv,1360,4B0F558D3CF6ACED6F9AAAB3899F34F6E457C14C6F5F289FB31369F89D0EAAE1,1384,5F6B463F0AC1B74C3F63D771440A0BA8DBA6481B4BFFA3110830F22694EEAE8E,2,text identifier redaction
C21,standalone/run_20260927_170631/SHA256SUMS.txt,evidence/candidate21/standalone/run_20260927_170631/SHA256SUMS.txt,809,7550BB2BC9A1E312E177C5F4553D100DB63E66C460290FC237D182AF8906CDE2,809,7550BB2BC9A1E312E177C5F4553D100DB63E66C460290FC237D182AF8906CDE2,0,none
C21,standalone/run_20260927_170631/THYME_DIAG/diag_status.log,evidence/candidate21/standalone/run_20260927_170631/THYME_DIAG/diag_status.log,3159,7178488CF549E5A317B67259C6AED41DC42D41A64C84EB9E1501D7AA51BB8560,3171,72E4E7F13B5FC2609761D87FB6DC8E972CEEF01A676054BE0A7B5E229D1945E9,1,text identifier redaction
C21,standalone/run_20260927_170631/THYME_DIAG/dmesg_diag_boot.txt,evidence/candidate21/standalone/run_20260927_170631/THYME_DIAG/dmesg_diag_boot.txt,155139,CDE69D8918BC9E5F71C29FB90718DB08E1517E6C9C1083942A60DCF89E8895E2,155151,AF8C9A65D560BF79AC307E5DB05176FC9CCE3AA2FD7DA3E9DAEB20D83CFB46D0,1,text identifier redaction
C21,standalone/run_20260927_170631/THYME_DIAG/oops.raw,evidence/candidate21/standalone/run_20260927_170631/THYME_DIAG/oops.raw,16777216,7D1E254BBEB4803D79FDF96F673EF4DC9C7D0EAE68DF3019C2384B3439E4BB66,16777216,4956C622124256073160B1C0A37338A977A4D72CE502DC5852D6803B1429803C,3,same-length binary identifier replacement
C21,standalone/run_20260927_170631/THYME_DIAG/oops.raw.sha256,evidence/candidate21/standalone/run_20260927_170631/THYME_DIAG/oops.raw.sha256,86,779E0F1C118D31979D1876063D30887E73EAE9590E12202C845011203AFCB91A,86,779E0F1C118D31979D1876063D30887E73EAE9590E12202C845011203AFCB91A,0,none
C21,standalone/run_20260927_170631/THYME_DIAG/pstore/console-ramoops-0,evidence/candidate21/standalone/run_20260927_170631/THYME_DIAG/pstore/console-ramoops-0,1684482,E7FA478BB36CA85EEB9D204E0A44A7FEEB662C222862374F3F0EA61AB1A2C123,1684494,DE16D7A65D88C5D880A2BD537AA955B762A134069EB9E313AADACF092D8CBD00,1,text identifier redaction
C21,standalone/run_20260927_170631/THYME_DIAG/pstore/pmsg-ramoops-0,evidence/candidate21/standalone/run_20260927_170631/THYME_DIAG/pstore/pmsg-ramoops-0,1307782,2598AC31F2F8439B5F529B2E7A418800CA0614F925643A2E1C83B0D33F5F3A2E,1307782,2598AC31F2F8439B5F529B2E7A418800CA0614F925643A2E1C83B0D33F5F3A2E,0,none
C21,standalone/run_20260927_170631/THYME_DIAG/System Volume Information/IndexerVolumeGuid,evidence/candidate21/standalone/run_20260927_170631/THYME_DIAG/System Volume Information/IndexerVolumeGuid,76,C0FF32AE505072721E5F14BD4C26DABA4E0ABC689FDC913472DDF3780AAB5BAA,76,C0FF32AE505072721E5F14BD4C26DABA4E0ABC689FDC913472DDF3780AAB5BAA,0,none
C21,standalone/run_20260927_170631/THYME_DIAG/System Volume Information/WPSettings.dat,evidence/candidate21/standalone/run_20260927_170631/THYME_DIAG/System Volume Information/WPSettings.dat,12,ED7CED62DFD3D7832FE8954DB5E0CEB88D12F49CA95DCBF3B4736C8E9828E201,12,ED7CED62DFD3D7832FE8954DB5E0CEB88D12F49CA95DCBF3B4736C8E9828E201,0,none
