"Path","Milo_kind","Milo_size","Milo_sha256","C30_kind","C30_size","C30_sha256","Xiaomi15_kind","Xiaomi15_size","Xiaomi15_sha256","K40_kind","K40_size","K40_sha256"
"aconfigd.rc","file","1214","78D6BB311AA7126384DA4B59780D4A87D9B321C4FD211D04E1339FBD8975447B","file","1214","78D6BB311AA7126384DA4B59780D4A87D9B321C4FD211D04E1339FBD8975447B","file","1214","78D6BB311AA7126384DA4B59780D4A87D9B321C4FD211D04E1339FBD8975447B","file","1214","78D6BB311AA7126384DA4B59780D4A87D9B321C4FD211D04E1339FBD8975447B"
"aisealhostservice.rc","file","462","94721F43565412A4F97F76C1E56224FD4BA98065148710B3C6A732B100984196","file","462","94721F43565412A4F97F76C1E56224FD4BA98065148710B3C6A732B100984196","file","462","94721F43565412A4F97F76C1E56224FD4BA98065148710B3C6A732B100984196","file","462","94721F43565412A4F97F76C1E56224FD4BA98065148710B3C6A732B100984196"
"android.system.suspend-service.rc","file","276","957C6D8BBCE641FC3BF1C64FD38BD84E7CE223F9299646D84FF63402A595860B","file","276","957C6D8BBCE641FC3BF1C64FD38BD84E7CE223F9299646D84FF63402A595860B","file","276","957C6D8BBCE641FC3BF1C64FD38BD84E7CE223F9299646D84FF63402A595860B","file","276","957C6D8BBCE641FC3BF1C64FD38BD84E7CE223F9299646D84FF63402A595860B"
"aoad.rc","file","193","D466930689825255233DCEED7D6E66D99304DD6CC965BC512EE1A2EDEF120695","file","193","D466930689825255233DCEED7D6E66D99304DD6CC965BC512EE1A2EDEF120695","file","193","D466930689825255233DCEED7D6E66D99304DD6CC965BC512EE1A2EDEF120695","file","193","D466930689825255233DCEED7D6E66D99304DD6CC965BC512EE1A2EDEF120695"
"apexd.rc","file","1334","4BAAE395DAA83DF7A35DEBFF152CD8CDEDB3BF7B9D87ABB5C4EBB9FDDE6FABE6","file","1334","4BAAE395DAA83DF7A35DEBFF152CD8CDEDB3BF7B9D87ABB5C4EBB9FDDE6FABE6","file","1334","4BAAE395DAA83DF7A35DEBFF152CD8CDEDB3BF7B9D87ABB5C4EBB9FDDE6FABE6","file","1334","4BAAE395DAA83DF7A35DEBFF152CD8CDEDB3BF7B9D87ABB5C4EBB9FDDE6FABE6"
"atrace.rc","file","40428","6F0EC34D66E7050FC8FDE7143E75B0A67ABF27DA76864E9F7731570A8E32DF6D","file","40428","6F0EC34D66E7050FC8FDE7143E75B0A67ABF27DA76864E9F7731570A8E32DF6D","file","40428","6F0EC34D66E7050FC8FDE7143E75B0A67ABF27DA76864E9F7731570A8E32DF6D","file","40428","6F0EC34D66E7050FC8FDE7143E75B0A67ABF27DA76864E9F7731570A8E32DF6D"
"audioserver.rc","file","3782","46FA0F821083D399F86A256A4A7885D171940C538732902CCF3F35681F1A3B17","file","3782","46FA0F821083D399F86A256A4A7885D171940C538732902CCF3F35681F1A3B17","file","3782","46FA0F821083D399F86A256A4A7885D171940C538732902CCF3F35681F1A3B17","file","3782","46FA0F821083D399F86A256A4A7885D171940C538732902CCF3F35681F1A3B17"
"blank_screen.rc","file","113","1E4D509471F2F88E46A15C1247BB0E5D8A4732B2DCC066EAA09AA70019E525BE","file","113","1E4D509471F2F88E46A15C1247BB0E5D8A4732B2DCC066EAA09AA70019E525BE","file","113","1E4D509471F2F88E46A15C1247BB0E5D8A4732B2DCC066EAA09AA70019E525BE","file","113","1E4D509471F2F88E46A15C1247BB0E5D8A4732B2DCC066EAA09AA70019E525BE"
"bootanim.rc","file","397","169B5B22D43B16D05423C2DEF447077183D329CC41C02F1F3DA84ECDFBBD26C8","file","397","169B5B22D43B16D05423C2DEF447077183D329CC41C02F1F3DA84ECDFBBD26C8","file","397","169B5B22D43B16D05423C2DEF447077183D329CC41C02F1F3DA84ECDFBBD26C8","file","397","169B5B22D43B16D05423C2DEF447077183D329CC41C02F1F3DA84ECDFBBD26C8"
"bootstat.rc","file","4119","FDDCD823DDCDE967E358A8412EB6EA8CE66A0051E608FC5939DD03075338A55D","file","4119","FDDCD823DDCDE967E358A8412EB6EA8CE66A0051E608FC5939DD03075338A55D","file","4119","FDDCD823DDCDE967E358A8412EB6EA8CE66A0051E608FC5939DD03075338A55D","file","4119","FDDCD823DDCDE967E358A8412EB6EA8CE66A0051E608FC5939DD03075338A55D"
"c25_bootdiag.rc","missing","","","file","389","4A84E4784E12724DA0BE7718397F34277683479789BCD59D0CCA1E5A7ADCB930","missing","","","missing","",""
"c30_diag.rc","missing","","","file","1125","8C3222C65C9B30BE58955E164D1F2D728811E2AF6F18AC133A5966274FDC2408","missing","","","missing","",""
"cameraserver.rc","file","785","1C12B62FB0F653EF89DBA4DCE44744803BC665E1A6E08A3D5E4E2E49242FC2C4","file","785","1C12B62FB0F653EF89DBA4DCE44744803BC665E1A6E08A3D5E4E2E49242FC2C4","file","785","1C12B62FB0F653EF89DBA4DCE44744803BC665E1A6E08A3D5E4E2E49242FC2C4","file","785","1C12B62FB0F653EF89DBA4DCE44744803BC665E1A6E08A3D5E4E2E49242FC2C4"
"casefolding_remover.rc","file","173","D4D04423E275A13C77DFA70655E2CA93770A33BC3714C967357CE5409DD7BAD4","file","173","D4D04423E275A13C77DFA70655E2CA93770A33BC3714C967357CE5409DD7BAD4","file","173","D4D04423E275A13C77DFA70655E2CA93770A33BC3714C967357CE5409DD7BAD4","file","173","D4D04423E275A13C77DFA70655E2CA93770A33BC3714C967357CE5409DD7BAD4"
"cppreopts.rc","file","1690","0E236C52663A4126A2C1B1AEC315D6CB52E4F117D585FB5B4A0BE5274EC83476","file","1690","0E236C52663A4126A2C1B1AEC315D6CB52E4F117D585FB5B4A0BE5274EC83476","file","1690","0E236C52663A4126A2C1B1AEC315D6CB52E4F117D585FB5B4A0BE5274EC83476","file","1690","0E236C52663A4126A2C1B1AEC315D6CB52E4F117D585FB5B4A0BE5274EC83476"
"credstore.rc","file","186","40208B72AF17CF8F045CDAE924A8D5054FF6945B1D4EEB71A63DAC174896FE68","file","186","40208B72AF17CF8F045CDAE924A8D5054FF6945B1D4EEB71A63DAC174896FE68","file","186","40208B72AF17CF8F045CDAE924A8D5054FF6945B1D4EEB71A63DAC174896FE68","file","186","40208B72AF17CF8F045CDAE924A8D5054FF6945B1D4EEB71A63DAC174896FE68"
"dmesgd.rc","file","647","FB3C26E424A78839070C6FA79C6B35BC426B9218972CEED883308424D7B34301","file","647","FB3C26E424A78839070C6FA79C6B35BC426B9218972CEED883308424D7B34301","file","647","FB3C26E424A78839070C6FA79C6B35BC426B9218972CEED883308424D7B34301","file","647","FB3C26E424A78839070C6FA79C6B35BC426B9218972CEED883308424D7B34301"
"drmserver_dynamic.rc","file","217","C19B689745FF104D5B8471BEBD2B2D84FFD0A8EAFBF697645ECF8D316FDC0A8A","file","217","C19B689745FF104D5B8471BEBD2B2D84FFD0A8EAFBF697645ECF8D316FDC0A8A","file","217","C19B689745FF104D5B8471BEBD2B2D84FFD0A8EAFBF697645ECF8D316FDC0A8A","file","217","C19B689745FF104D5B8471BEBD2B2D84FFD0A8EAFBF697645ECF8D316FDC0A8A"
"dumpstate.rc","file","1853","73D89E8BBCA2A59F40898B54B74A38C2211B9CE72707CC30BF54F619AD64CFB3","file","1853","73D89E8BBCA2A59F40898B54B74A38C2211B9CE72707CC30BF54F619AD64CFB3","file","1853","73D89E8BBCA2A59F40898B54B74A38C2211B9CE72707CC30BF54F619AD64CFB3","file","1853","73D89E8BBCA2A59F40898B54B74A38C2211B9CE72707CC30BF54F619AD64CFB3"
"flags_health_check.rc","file","504","76C3BF64F41057BC9C9CE0CA433F71C5D6A0F42CD4BD17C0B696DEBB97763239","file","504","76C3BF64F41057BC9C9CE0CA433F71C5D6A0F42CD4BD17C0B696DEBB97763239","file","504","76C3BF64F41057BC9C9CE0CA433F71C5D6A0F42CD4BD17C0B696DEBB97763239","file","504","76C3BF64F41057BC9C9CE0CA433F71C5D6A0F42CD4BD17C0B696DEBB97763239"
"gatekeeperd.rc","file","140","D03A1CA16E4DB87A11D47D03433F5D31CCE5C9251F3CF8F5BD52F74BF3A9AE64","file","140","D03A1CA16E4DB87A11D47D03433F5D31CCE5C9251F3CF8F5BD52F74BF3A9AE64","file","140","D03A1CA16E4DB87A11D47D03433F5D31CCE5C9251F3CF8F5BD52F74BF3A9AE64","file","140","D03A1CA16E4DB87A11D47D03433F5D31CCE5C9251F3CF8F5BD52F74BF3A9AE64"
"gpuservice.rc","file","102","A4F71D84D4C830C08AAE58A434727691FA972A40A2B5CB8E2288D2D80D42F7DE","file","102","A4F71D84D4C830C08AAE58A434727691FA972A40A2B5CB8E2288D2D80D42F7DE","file","102","A4F71D84D4C830C08AAE58A434727691FA972A40A2B5CB8E2288D2D80D42F7DE","file","102","A4F71D84D4C830C08AAE58A434727691FA972A40A2B5CB8E2288D2D80D42F7DE"
"graphicsengine.rc","file","198","C70EEBEAA20CC19C663691193519D942E7F76668BFC75BE4435769A99738ED1A","file","198","C70EEBEAA20CC19C663691193519D942E7F76668BFC75BE4435769A99738ED1A","file","198","C70EEBEAA20CC19C663691193519D942E7F76668BFC75BE4435769A99738ED1A","file","198","C70EEBEAA20CC19C663691193519D942E7F76668BFC75BE4435769A99738ED1A"
"gsid.rc","file","800","891AA13D00C847784594E2F24ED25763A1778A3A57FAE8FFF5D25CD81759992F","file","800","891AA13D00C847784594E2F24ED25763A1778A3A57FAE8FFF5D25CD81759992F","file","800","891AA13D00C847784594E2F24ED25763A1778A3A57FAE8FFF5D25CD81759992F","file","800","891AA13D00C847784594E2F24ED25763A1778A3A57FAE8FFF5D25CD81759992F"
"heapprofd.rc","file","2121","325C7E57909523E3C617A4D28311F5F15C575B69C0CCBF96C99D6D657B0A6475","file","2121","325C7E57909523E3C617A4D28311F5F15C575B69C0CCBF96C99D6D657B0A6475","file","2121","325C7E57909523E3C617A4D28311F5F15C575B69C0CCBF96C99D6D657B0A6475","file","2121","325C7E57909523E3C617A4D28311F5F15C575B69C0CCBF96C99D6D657B0A6475"
"hidservice.rc","file","130","EA82C12388DC1F2B06E226EE582D0918BFE1A58211FABE616AC1D687E4B6479C","file","130","EA82C12388DC1F2B06E226EE582D0918BFE1A58211FABE616AC1D687E4B6479C","file","130","EA82C12388DC1F2B06E226EE582D0918BFE1A58211FABE616AC1D687E4B6479C","file","130","EA82C12388DC1F2B06E226EE582D0918BFE1A58211FABE616AC1D687E4B6479C"
"hw/drmserver.zygote64.rc","file","157","C1AA5D24A70152301E69FC71BEB8E2E85ABE8865013649F4E175DBEFE8772FF2","file","157","C1AA5D24A70152301E69FC71BEB8E2E85ABE8865013649F4E175DBEFE8772FF2","file","157","C1AA5D24A70152301E69FC71BEB8E2E85ABE8865013649F4E175DBEFE8772FF2","file","157","C1AA5D24A70152301E69FC71BEB8E2E85ABE8865013649F4E175DBEFE8772FF2"
"hw/drmserver.zygote64_32.rc","file","157","B7210C1BFC517F16D1F20D88F48635C6047EB62F9FBE213FB5886F17AB9FF0E0","file","157","B7210C1BFC517F16D1F20D88F48635C6047EB62F9FBE213FB5886F17AB9FF0E0","file","157","B7210C1BFC517F16D1F20D88F48635C6047EB62F9FBE213FB5886F17AB9FF0E0","file","157","B7210C1BFC517F16D1F20D88F48635C6047EB62F9FBE213FB5886F17AB9FF0E0"
"hw/init.boringssl.no_zygote.rc","reparse","0","","reparse","0","","file","29","02F224884BA6120068A2D9DB54AF7BA919354D6503540756FFAE646481E05377","reparse","0",""
"hw/init.boringssl.zygote32.rc","reparse","0","","reparse","0","","file","29","02F224884BA6120068A2D9DB54AF7BA919354D6503540756FFAE646481E05377","reparse","0",""
"hw/init.boringssl.zygote64.rc","file","196","DBAD9C5C5B6DBB16615F893C03CCB3BE700E1054EBD90AD92BAC82C1E50A1284","file","196","DBAD9C5C5B6DBB16615F893C03CCB3BE700E1054EBD90AD92BAC82C1E50A1284","file","196","DBAD9C5C5B6DBB16615F893C03CCB3BE700E1054EBD90AD92BAC82C1E50A1284","file","196","DBAD9C5C5B6DBB16615F893C03CCB3BE700E1054EBD90AD92BAC82C1E50A1284"
"hw/init.boringssl.zygote64_32.rc","file","392","AFEAEF2628F6AB1E7352F49274AA8E745EA2CEB4555F7216E732856B56B61C32","file","392","AFEAEF2628F6AB1E7352F49274AA8E745EA2CEB4555F7216E732856B56B61C32","file","392","AFEAEF2628F6AB1E7352F49274AA8E745EA2CEB4555F7216E732856B56B61C32","file","392","AFEAEF2628F6AB1E7352F49274AA8E745EA2CEB4555F7216E732856B56B61C32"
"hw/init.rc","file","80870","4A55170C4D52C0E6B49AD807CDFCB86583E4DD9E2F2BF628F444132AB7B4928F","file","81323","B577F400BAE706AB845699A52DBB0C889B0B62F32E0DC3CC8736A56C05490D62","file","80870","4A55170C4D52C0E6B49AD807CDFCB86583E4DD9E2F2BF628F444132AB7B4928F","file","84245","92FF466F6EDD6FA9B0240E1AF26EC9EE8F0DA90683B4D09AFA4C4BE1100EA8F6"
"hw/init.usb.configfs.rc","file","13017","B261028BB09EB04E38679D5036165DBDB18EB6FFD0687AFBACC78E41B8F7E867","file","13017","B261028BB09EB04E38679D5036165DBDB18EB6FFD0687AFBACC78E41B8F7E867","file","13017","B261028BB09EB04E38679D5036165DBDB18EB6FFD0687AFBACC78E41B8F7E867","file","13017","B261028BB09EB04E38679D5036165DBDB18EB6FFD0687AFBACC78E41B8F7E867"
"hw/init.usb.rc","file","5763","0F08F29820A03EE5A145A2B91638F57F873C2CF87875E9429046A3A835DDCE17","file","5763","0F08F29820A03EE5A145A2B91638F57F873C2CF87875E9429046A3A835DDCE17","file","5763","0F08F29820A03EE5A145A2B91638F57F873C2CF87875E9429046A3A835DDCE17","file","5936","38BC9092ECCE6EFA19A564050E2F4E9C894912769E508052E54963767C5BCF91"
"hw/init.zygote32.rc","file","1244","899CCE8ED0D6415D43A011F60A015995E529C0A3D53F1A6784A43CFF1170E524","file","1244","899CCE8ED0D6415D43A011F60A015995E529C0A3D53F1A6784A43CFF1170E524","file","1244","899CCE8ED0D6415D43A011F60A015995E529C0A3D53F1A6784A43CFF1170E524","file","1244","899CCE8ED0D6415D43A011F60A015995E529C0A3D53F1A6784A43CFF1170E524"
"hw/init.zygote64.rc","file","1097","F90DE6EC5F3A3E46F678F03287CABC933AC4D679BDFC5FB485BF50C34AEC9CE9","file","1097","F90DE6EC5F3A3E46F678F03287CABC933AC4D679BDFC5FB485BF50C34AEC9CE9","file","1097","F90DE6EC5F3A3E46F678F03287CABC933AC4D679BDFC5FB485BF50C34AEC9CE9","file","1097","F90DE6EC5F3A3E46F678F03287CABC933AC4D679BDFC5FB485BF50C34AEC9CE9"
"hw/init.zygote64_32.rc","file","715","CA8AD539813EA134A3464066ADF816AA71612D711CBC5B318E4C9BEA75BD672D","file","715","CA8AD539813EA134A3464066ADF816AA71612D711CBC5B318E4C9BEA75BD672D","file","715","CA8AD539813EA134A3464066ADF816AA71612D711CBC5B318E4C9BEA75BD672D","file","715","CA8AD539813EA134A3464066ADF816AA71612D711CBC5B318E4C9BEA75BD672D"
"hw/mediaserver.64bit_false.rc","file","216","923DD57F8AE4C13197BCA38308D32652E83E520D3D2335A78A939F9C4D802121","file","216","923DD57F8AE4C13197BCA38308D32652E83E520D3D2335A78A939F9C4D802121","file","216","923DD57F8AE4C13197BCA38308D32652E83E520D3D2335A78A939F9C4D802121","file","216","923DD57F8AE4C13197BCA38308D32652E83E520D3D2335A78A939F9C4D802121"
"hw/mediaserver.64bit_true.rc","file","216","026B42F822DF68B4758B5BC6A7F802DF4E845277670A47F997FED86F3D08AB5E","file","216","026B42F822DF68B4758B5BC6A7F802DF4E845277670A47F997FED86F3D08AB5E","file","216","026B42F822DF68B4758B5BC6A7F802DF4E845277670A47F997FED86F3D08AB5E","file","216","026B42F822DF68B4758B5BC6A7F802DF4E845277670A47F997FED86F3D08AB5E"
"idmap2d.rc","file","84","4DC195022F473D4B93770B441997D7086DFA07DE82F73A713167BF6D62596779","file","84","4DC195022F473D4B93770B441997D7086DFA07DE82F73A713167BF6D62596779","file","84","4DC195022F473D4B93770B441997D7086DFA07DE82F73A713167BF6D62596779","file","84","4DC195022F473D4B93770B441997D7086DFA07DE82F73A713167BF6D62596779"
"incidentd.rc","file","851","A989C870659F49B09F9FA618513CAB952878326142331AF9B7D2A2E59629C7CA","file","851","A989C870659F49B09F9FA618513CAB952878326142331AF9B7D2A2E59629C7CA","file","851","A989C870659F49B09F9FA618513CAB952878326142331AF9B7D2A2E59629C7CA","file","851","A989C870659F49B09F9FA618513CAB952878326142331AF9B7D2A2E59629C7CA"
"init-perfetto.rc","file","1450","A3DE46FFBE93424655648D06F80D1A2664677BB2967906425A9FEC02F0D496A5","file","1450","A3DE46FFBE93424655648D06F80D1A2664677BB2967906425A9FEC02F0D496A5","file","1450","A3DE46FFBE93424655648D06F80D1A2664677BB2967906425A9FEC02F0D496A5","file","1450","A3DE46FFBE93424655648D06F80D1A2664677BB2967906425A9FEC02F0D496A5"
"installd.rc","file","4783","FCB59D1C3F8E49C5348D383805CA287B54C24D8F8FC3B70378078736676ED4A2","file","4783","FCB59D1C3F8E49C5348D383805CA287B54C24D8F8FC3B70378078736676ED4A2","file","4783","FCB59D1C3F8E49C5348D383805CA287B54C24D8F8FC3B70378078736676ED4A2","file","4783","FCB59D1C3F8E49C5348D383805CA287B54C24D8F8FC3B70378078736676ED4A2"
"kcmdlinectrl.rc","file","944","690982E3B0B3DD0153903B0E463D8C60F7855CC92D9926E9D9A5D921EF6A0730","file","944","690982E3B0B3DD0153903B0E463D8C60F7855CC92D9926E9D9A5D921EF6A0730","file","944","690982E3B0B3DD0153903B0E463D8C60F7855CC92D9926E9D9A5D921EF6A0730","file","944","690982E3B0B3DD0153903B0E463D8C60F7855CC92D9926E9D9A5D921EF6A0730"
"kcmdlinemodprobe.rc","file","713","DD90C0101E90A4E0F8508FD1A0D5C6863FDF43ACCAB8F0314CFA87A4509EC9FD","file","713","DD90C0101E90A4E0F8508FD1A0D5C6863FDF43ACCAB8F0314CFA87A4509EC9FD","file","713","DD90C0101E90A4E0F8508FD1A0D5C6863FDF43ACCAB8F0314CFA87A4509EC9FD","file","713","DD90C0101E90A4E0F8508FD1A0D5C6863FDF43ACCAB8F0314CFA87A4509EC9FD"
"keystore2.rc","file","732","8E8688DDC5841D25436100E96CC564715438745623087391F4B4894FC15CE465","file","732","8E8688DDC5841D25436100E96CC564715438745623087391F4B4894FC15CE465","file","732","8E8688DDC5841D25436100E96CC564715438745623087391F4B4894FC15CE465","file","732","8E8688DDC5841D25436100E96CC564715438745623087391F4B4894FC15CE465"
"llkd.rc","file","1217","915ED69CF1CCA279E4A0A8CE03D9B79FD4E274F688CD07D47BDB85E13E93A5C3","file","1217","915ED69CF1CCA279E4A0A8CE03D9B79FD4E274F688CD07D47BDB85E13E93A5C3","file","1217","915ED69CF1CCA279E4A0A8CE03D9B79FD4E274F688CD07D47BDB85E13E93A5C3","file","1217","915ED69CF1CCA279E4A0A8CE03D9B79FD4E274F688CD07D47BDB85E13E93A5C3"
"lmkd.rc","file","3268","E7D2B765CCEF63A126DE2B1F2CCFEAB826503CD84EA4B5AA8C84C9FCE77EE195","file","3268","E7D2B765CCEF63A126DE2B1F2CCFEAB826503CD84EA4B5AA8C84C9FCE77EE195","file","3268","E7D2B765CCEF63A126DE2B1F2CCFEAB826503CD84EA4B5AA8C84C9FCE77EE195","file","3268","E7D2B765CCEF63A126DE2B1F2CCFEAB826503CD84EA4B5AA8C84C9FCE77EE195"
"logd.rc","file","1253","432F08B78E7F98FC250A2EB1D4FA6380958FC9709E0ECD0090C0B0481DAA39B5","file","1253","432F08B78E7F98FC250A2EB1D4FA6380958FC9709E0ECD0090C0B0481DAA39B5","file","1253","432F08B78E7F98FC250A2EB1D4FA6380958FC9709E0ECD0090C0B0481DAA39B5","file","1253","432F08B78E7F98FC250A2EB1D4FA6380958FC9709E0ECD0090C0B0481DAA39B5"
"lpdumpd.rc","file","1346","8BC75276337F68CBF977E1BB732E95CDE28D5A928F4D3A96155C52C3F5B73B5A","file","1346","8BC75276337F68CBF977E1BB732E95CDE28D5A928F4D3A96155C52C3F5B73B5A","file","1346","8BC75276337F68CBF977E1BB732E95CDE28D5A928F4D3A96155C52C3F5B73B5A","file","1346","8BC75276337F68CBF977E1BB732E95CDE28D5A928F4D3A96155C52C3F5B73B5A"
"mdnsd.rc","file","142","6DCC3F787ED0BB94ABB3843504604625C62852072219D8BF15E8628BAEF2CB95","file","142","6DCC3F787ED0BB94ABB3843504604625C62852072219D8BF15E8628BAEF2CB95","file","142","6DCC3F787ED0BB94ABB3843504604625C62852072219D8BF15E8628BAEF2CB95","file","142","6DCC3F787ED0BB94ABB3843504604625C62852072219D8BF15E8628BAEF2CB95"
"media.codeclist.generator.rc","file","187","B09EDA2B0866DB6F70753E84299270DC644A648983514992B48F8C533CD015CA","file","187","B09EDA2B0866DB6F70753E84299270DC644A648983514992B48F8C533CD015CA","file","187","B09EDA2B0866DB6F70753E84299270DC644A648983514992B48F8C533CD015CA","file","187","B09EDA2B0866DB6F70753E84299270DC644A648983514992B48F8C533CD015CA"
"mediaextractor.rc","file","162","679F6722EE487F9EA335754F74198FF5969E57B163830CCD8FB31AE4401321B4","file","162","679F6722EE487F9EA335754F74198FF5969E57B163830CCD8FB31AE4401321B4","file","162","679F6722EE487F9EA335754F74198FF5969E57B163830CCD8FB31AE4401321B4","file","162","679F6722EE487F9EA335754F74198FF5969E57B163830CCD8FB31AE4401321B4"
"mediametrics.rc","file","359","7BE32DC24F57B889C672749BB17F0B1A8AEF074E1D8BF80B3DD3CF285E016F12","file","359","7BE32DC24F57B889C672749BB17F0B1A8AEF074E1D8BF80B3DD3CF285E016F12","file","359","7BE32DC24F57B889C672749BB17F0B1A8AEF074E1D8BF80B3DD3CF285E016F12","file","359","7BE32DC24F57B889C672749BB17F0B1A8AEF074E1D8BF80B3DD3CF285E016F12"
"mediaserver_dynamic_QCOM.rc","file","162","96B0835C2BB764535991871A7B104FA8BCF870C2277D80A868627F38F2395279","file","162","96B0835C2BB764535991871A7B104FA8BCF870C2277D80A868627F38F2395279","file","162","96B0835C2BB764535991871A7B104FA8BCF870C2277D80A868627F38F2395279","file","162","96B0835C2BB764535991871A7B104FA8BCF870C2277D80A868627F38F2395279"
"mieed.rc","file","447","02501DE400314FE3AEDADE2A0B840CC87F43214996B27953E917CD22D4DA453C","file","447","02501DE400314FE3AEDADE2A0B840CC87F43214996B27953E917CD22D4DA453C","file","447","02501DE400314FE3AEDADE2A0B840CC87F43214996B27953E917CD22D4DA453C","file","447","02501DE400314FE3AEDADE2A0B840CC87F43214996B27953E917CD22D4DA453C"
"misctrl.rc","file","105","7CC878B32487F411A158CF1442BFBFAF9FDFE68F2CC1DB1FA90C62BC5D1F7D6E","file","105","7CC878B32487F411A158CF1442BFBFAF9FDFE68F2CC1DB1FA90C62BC5D1F7D6E","file","105","7CC878B32487F411A158CF1442BFBFAF9FDFE68F2CC1DB1FA90C62BC5D1F7D6E","file","105","7CC878B32487F411A158CF1442BFBFAF9FDFE68F2CC1DB1FA90C62BC5D1F7D6E"
"mmd.rc","file","1488","BE84E970758BF2BF9ABEDB4335A764FA77671CC3306961B175BFC33C7EDEAB7A","file","1488","BE84E970758BF2BF9ABEDB4335A764FA77671CC3306961B175BFC33C7EDEAB7A","file","1488","BE84E970758BF2BF9ABEDB4335A764FA77671CC3306961B175BFC33C7EDEAB7A","file","1488","BE84E970758BF2BF9ABEDB4335A764FA77671CC3306961B175BFC33C7EDEAB7A"
"mtectrl.rc","file","1943","470C851B7A55B96002EDBA0AFFED0D9D1F560100B277F5A3A8E59B2ABB09A2EC","file","1943","470C851B7A55B96002EDBA0AFFED0D9D1F560100B277F5A3A8E59B2ABB09A2EC","file","1943","470C851B7A55B96002EDBA0AFFED0D9D1F560100B277F5A3A8E59B2ABB09A2EC","file","1943","470C851B7A55B96002EDBA0AFFED0D9D1F560100B277F5A3A8E59B2ABB09A2EC"
"netbpfload.rc","file","2952","14C576D0D33894504202743E0A1EA28D16F964A72C6AC1924F78EF371736B05D","file","2309","BDA68A4DF3689384C1B8F883E70EB111C5DCF5E05B1187CBA3CC870724830450","file","2952","14C576D0D33894504202743E0A1EA28D16F964A72C6AC1924F78EF371736B05D","file","2952","14C576D0D33894504202743E0A1EA28D16F964A72C6AC1924F78EF371736B05D"
"netd.rc","file","2387","51039198C9EC69111B1F7F1C8257AE12EE0A677C14599A87416C5B24B112948B","file","2319","CE706B53205492835BE972DE4381DC601297E4C0B211D3889C9C9E150428C5EE","file","2387","51039198C9EC69111B1F7F1C8257AE12EE0A677C14599A87416C5B24B112948B","file","2387","51039198C9EC69111B1F7F1C8257AE12EE0A677C14599A87416C5B24B112948B"
"odsign.rc","file","517","050034426570B9E084ACCEFD20E69D636E3FE9CF4D043E75CA067B467D4E36E5","file","517","050034426570B9E084ACCEFD20E69D636E3FE9CF4D043E75CA067B467D4E36E5","file","517","050034426570B9E084ACCEFD20E69D636E3FE9CF4D043E75CA067B467D4E36E5","file","517","050034426570B9E084ACCEFD20E69D636E3FE9CF4D043E75CA067B467D4E36E5"
"perfetto.rc","file","14136","D3F555C4CE550E5F1F56E0AADD4EFCF09C3174630B9EE013F73384895A15886B","file","14136","D3F555C4CE550E5F1F56E0AADD4EFCF09C3174630B9EE013F73384895A15886B","file","14136","D3F555C4CE550E5F1F56E0AADD4EFCF09C3174630B9EE013F73384895A15886B","file","14136","D3F555C4CE550E5F1F56E0AADD4EFCF09C3174630B9EE013F73384895A15886B"
"pipelineinfosuploader.rc","file","240","FB147FE496D1B9050050A854BD98253FE93B56C8B5120C9D427770EA1ED13B10","file","240","FB147FE496D1B9050050A854BD98253FE93B56C8B5120C9D427770EA1ED13B10","file","240","FB147FE496D1B9050050A854BD98253FE93B56C8B5120C9D427770EA1ED13B10","file","240","FB147FE496D1B9050050A854BD98253FE93B56C8B5120C9D427770EA1ED13B10"
"prefetch.rc","file","1899","9F5EDB4F578D14EA63E56F7B5A0004154EA63404EC81C2A4DBDDBC9CF6D17283","file","1899","9F5EDB4F578D14EA63E56F7B5A0004154EA63404EC81C2A4DBDDBC9CF6D17283","file","1899","9F5EDB4F578D14EA63E56F7B5A0004154EA63404EC81C2A4DBDDBC9CF6D17283","file","1899","9F5EDB4F578D14EA63E56F7B5A0004154EA63404EC81C2A4DBDDBC9CF6D17283"
"prng_seeder.rc","file","307","6C4763C65AB372E459E5B1558E733FA08A85615198D2555A4112276B47CB71D4","file","307","6C4763C65AB372E459E5B1558E733FA08A85615198D2555A4112276B47CB71D4","file","307","6C4763C65AB372E459E5B1558E733FA08A85615198D2555A4112276B47CB71D4","file","307","6C4763C65AB372E459E5B1558E733FA08A85615198D2555A4112276B47CB71D4"
"recovery-persist.rc","file","127","0C5E3BEE4329907791A861067722BBEA0D56AD6639CD796FBA2526C26BC975FA","file","127","0C5E3BEE4329907791A861067722BBEA0D56AD6639CD796FBA2526C26BC975FA","file","127","0C5E3BEE4329907791A861067722BBEA0D56AD6639CD796FBA2526C26BC975FA","file","127","0C5E3BEE4329907791A861067722BBEA0D56AD6639CD796FBA2526C26BC975FA"
"recovery-refresh.rc","file","76","0F6E0FB90D9D9D964FCC29B299F60C292B56882B06676136758E015E849839FA","file","76","0F6E0FB90D9D9D964FCC29B299F60C292B56882B06676136758E015E849839FA","file","76","0F6E0FB90D9D9D964FCC29B299F60C292B56882B06676136758E015E849839FA","file","76","0F6E0FB90D9D9D964FCC29B299F60C292B56882B06676136758E015E849839FA"
"rss_hwm_reset.rc","file","900","22E991061614907864FC59838B0EEA34037E6497AC356B4BA3C196AF961EB4E5","file","900","22E991061614907864FC59838B0EEA34037E6497AC356B4BA3C196AF961EB4E5","file","900","22E991061614907864FC59838B0EEA34037E6497AC356B4BA3C196AF961EB4E5","file","900","22E991061614907864FC59838B0EEA34037E6497AC356B4BA3C196AF961EB4E5"
"servicemanager.rc","file","719","3DB677DBEADA9DD99BAB220181FE4FF4086326AD9CCB1423442CFB50548C7807","file","719","3DB677DBEADA9DD99BAB220181FE4FF4086326AD9CCB1423442CFB50548C7807","file","719","3DB677DBEADA9DD99BAB220181FE4FF4086326AD9CCB1423442CFB50548C7807","file","719","3DB677DBEADA9DD99BAB220181FE4FF4086326AD9CCB1423442CFB50548C7807"
"simpleperf.rc","file","480","526982501006570FD3E39855E3D8265CF0094178C9D7CB1E0E1EE28EC97C15CD","file","480","526982501006570FD3E39855E3D8265CF0094178C9D7CB1E0E1EE28EC97C15CD","file","480","526982501006570FD3E39855E3D8265CF0094178C9D7CB1E0E1EE28EC97C15CD","file","480","526982501006570FD3E39855E3D8265CF0094178C9D7CB1E0E1EE28EC97C15CD"
"snapuserd.rc","file","537","3A6966F87823B2726A231E7244ADF78AD91D581BF4E8B1580630EBB82CC6C498","file","537","3A6966F87823B2726A231E7244ADF78AD91D581BF4E8B1580630EBB82CC6C498","file","537","3A6966F87823B2726A231E7244ADF78AD91D581BF4E8B1580630EBB82CC6C498","file","537","3A6966F87823B2726A231E7244ADF78AD91D581BF4E8B1580630EBB82CC6C498"
"storaged.rc","file","176","91BBDB0A4B307A9EDAC822CC8503E6FAFA10544EECA8F5D7A24C7DCE964F801C","file","176","91BBDB0A4B307A9EDAC822CC8503E6FAFA10544EECA8F5D7A24C7DCE964F801C","file","176","91BBDB0A4B307A9EDAC822CC8503E6FAFA10544EECA8F5D7A24C7DCE964F801C","file","176","91BBDB0A4B307A9EDAC822CC8503E6FAFA10544EECA8F5D7A24C7DCE964F801C"
"surfaceflinger.rc","file","731","85A5DF7858EC15CE135A30E15909313AF44DE32DE040771CB23C7F80FDF27905","file","886","5A856B44B65349936969DFADD24ED7460ECEA47EC45F42F0552411799222277B","file","731","85A5DF7858EC15CE135A30E15909313AF44DE32DE040771CB23C7F80FDF27905","file","731","85A5DF7858EC15CE135A30E15909313AF44DE32DE040771CB23C7F80FDF27905"
"tombstoned.rc","file","297","FC4A4486332AF51BE3FA98E77AB4CD6CB4E13D738C061E3E6AD47AAFDF4490D4","file","297","FC4A4486332AF51BE3FA98E77AB4CD6CB4E13D738C061E3E6AD47AAFDF4490D4","file","297","FC4A4486332AF51BE3FA98E77AB4CD6CB4E13D738C061E3E6AD47AAFDF4490D4","file","297","FC4A4486332AF51BE3FA98E77AB4CD6CB4E13D738C061E3E6AD47AAFDF4490D4"
"traced_perf.rc","file","2137","757876DC3C2C849394C600B5B823D7A1CD45CB8BA63923C90020BE45525341EB","file","2137","757876DC3C2C849394C600B5B823D7A1CD45CB8BA63923C90020BE45525341EB","file","2137","757876DC3C2C849394C600B5B823D7A1CD45CB8BA63923C90020BE45525341EB","file","2137","757876DC3C2C849394C600B5B823D7A1CD45CB8BA63923C90020BE45525341EB"
"tradeinmode.rc","file","431","2D17E7087250A77ECDC31C9583210B83CB12B963A96E71C2D095C1F3C74D4C83","file","431","2D17E7087250A77ECDC31C9583210B83CB12B963A96E71C2D095C1F3C74D4C83","file","431","2D17E7087250A77ECDC31C9583210B83CB12B963A96E71C2D095C1F3C74D4C83","file","431","2D17E7087250A77ECDC31C9583210B83CB12B963A96E71C2D095C1F3C74D4C83"
"uncrypt.rc","file","621","33927F1EA0404CB0EC7F87FF89CE012A40A8CEB16B37376B69D2714E71938ED1","file","621","33927F1EA0404CB0EC7F87FF89CE012A40A8CEB16B37376B69D2714E71938ED1","file","621","33927F1EA0404CB0EC7F87FF89CE012A40A8CEB16B37376B69D2714E71938ED1","file","621","33927F1EA0404CB0EC7F87FF89CE012A40A8CEB16B37376B69D2714E71938ED1"
"update_engine.rc","file","2641","0A1821FE1B129515CA6D69E37ADA4C28BCB5C55ECFC0A88991191B6F4D4348FC","file","2641","0A1821FE1B129515CA6D69E37ADA4C28BCB5C55ECFC0A88991191B6F4D4348FC","file","2641","0A1821FE1B129515CA6D69E37ADA4C28BCB5C55ECFC0A88991191B6F4D4348FC","file","2641","0A1821FE1B129515CA6D69E37ADA4C28BCB5C55ECFC0A88991191B6F4D4348FC"
"update_verifier.rc","file","122","ADEED811F2D98F272CB95BFB378F5F27B85DF28D942FB74D52C4BD32F56E9B07","file","122","ADEED811F2D98F272CB95BFB378F5F27B85DF28D942FB74D52C4BD32F56E9B07","file","122","ADEED811F2D98F272CB95BFB378F5F27B85DF28D942FB74D52C4BD32F56E9B07","file","122","ADEED811F2D98F272CB95BFB378F5F27B85DF28D942FB74D52C4BD32F56E9B07"
"usbd.rc","file","103","772B27F3AFFB6E67D1A6BC83A2B201CBDC053854789326AC9833AB84277FF995","file","103","772B27F3AFFB6E67D1A6BC83A2B201CBDC053854789326AC9833AB84277FF995","file","103","772B27F3AFFB6E67D1A6BC83A2B201CBDC053854789326AC9833AB84277FF995","file","103","772B27F3AFFB6E67D1A6BC83A2B201CBDC053854789326AC9833AB84277FF995"
"vdc.rc","file","601","51E20689B446F6D05A15A1A3179914CB6CCB2768E7F63DAB6B2DF5DDBB27D937","file","601","51E20689B446F6D05A15A1A3179914CB6CCB2768E7F63DAB6B2DF5DDBB27D937","file","601","51E20689B446F6D05A15A1A3179914CB6CCB2768E7F63DAB6B2DF5DDBB27D937","file","601","51E20689B446F6D05A15A1A3179914CB6CCB2768E7F63DAB6B2DF5DDBB27D937"
"virtual_camera.hal.rc","file","350","D7E11A4DB117DC8E685676B53B3B38A49D9098FA4767C1F71B5C8EDCB9BECF54","file","350","D7E11A4DB117DC8E685676B53B3B38A49D9098FA4767C1F71B5C8EDCB9BECF54","file","350","D7E11A4DB117DC8E685676B53B3B38A49D9098FA4767C1F71B5C8EDCB9BECF54","file","350","D7E11A4DB117DC8E685676B53B3B38A49D9098FA4767C1F71B5C8EDCB9BECF54"
"vold.rc","file","377","655DABDFC2899115BE32FF7CA923070C76443CACED6923996FB0A07D42E2097B","file","377","655DABDFC2899115BE32FF7CA923070C76443CACED6923996FB0A07D42E2097B","file","377","655DABDFC2899115BE32FF7CA923070C76443CACED6923996FB0A07D42E2097B","file","377","655DABDFC2899115BE32FF7CA923070C76443CACED6923996FB0A07D42E2097B"
"wifi.rc","file","3927","8B5ECC42F728D2729ACE6FC030828699A9B02476362B7FA21232C7510472DCC6","file","3927","8B5ECC42F728D2729ACE6FC030828699A9B02476362B7FA21232C7510472DCC6","file","3927","8B5ECC42F728D2729ACE6FC030828699A9B02476362B7FA21232C7510472DCC6","file","3927","8B5ECC42F728D2729ACE6FC030828699A9B02476362B7FA21232C7510472DCC6"
"zygote_next.rc","file","415","8DC957F041E9C35AFEBD352EE0106A8D0BE508DFB09AC24D9C9341C58448E649","file","415","8DC957F041E9C35AFEBD352EE0106A8D0BE508DFB09AC24D9C9341C58448E649","file","415","8DC957F041E9C35AFEBD352EE0106A8D0BE508DFB09AC24D9C9341C58448E649","file","415","8DC957F041E9C35AFEBD352EE0106A8D0BE508DFB09AC24D9C9341C58448E649"
