"Path","Status","Size","SHA256"
"/system/build.prop","extracted","12887","9C56A7D07910CB8389C143217652A210356E89884BD99695F56265FB85A7DBD4"
"/system/bin/app_process64","extracted","51856","06D483898DC5F5715894277DDAEC5ED6C25889AF7A9018E6F0815BDE7CFA342F"
"/system/bin/app_process32","extracted","11204","D25E7EDCCAC30721C53DC1FE7E690F97A3CAE7D6E3FD3EB6CF3C8AF416176697"
"/system/lib64/libandroid_runtime.so","extracted","3188240","22B624D7BFA130CB66AD841B0AF152D975C5329449DD804E077D106C57A89C3A"
"/system/etc/classpaths/bootclasspath.pb","extracted","2250","E9A28FE4E3065F996082532828C4E55D9868FA2740DFD58FD87DAA54EB1EED27"
"/system/etc/classpaths/systemserverclasspath.pb","extracted","194","320DEC2BC93CD81C0F0C218AEE27AFB94C1051F0E098E2D93893136C9C798F8B"
"/system/apex/com.android.art.capex","extracted","23564842","01B9200BF81E9274B06206FC50F541DA513AF2F1569D57A8226C4299CA65CF16"
"/system/apex/com.android.runtime.apex","extracted","12996608","45A073DD1ED7F8447C99E3360D989489AAA3A3573BF2913C284BC9C83D36E595"
"/system/framework/services.jar","extracted","39927308","AC53ADD4B7F559780AFFD6C7A614F405CEFAD18F2CB07CB769C7A1AFBBAE5C20"
"/system/framework/framework-res.apk","extracted","20978752","A477F21080D3BA868EBC493804D5728E7AE5BC7EAEC71BCFA174EF49BD0132A3"
"/system/etc/linker.config.pb","extracted","1240","0CB3B9FE157FC5FDBA0873420D4304A20FF95302D95F86449E3D8001C67C6B35"
"/system/etc/vintf/manifest.xml","extracted","2158","B9A2EE3AB7E2EDCF3DC20737336CB838E7AA2A401F842E36D3A6402FECD0E433"
"/system/etc/vintf/compatibility_matrix.8.xml","extracted","100397","D33B5D56E3D630BC9416427F3296DB1CDBF457E840E939F63FB7BDE85E692259"
"/system/etc/selinux/plat_sepolicy.cil","extracted","3301542","96320F4ED4F982ADB0E69CF3E61A92D2677F8FC357123F2F2E3D43DAA9AAFF45"
"/system/etc/init/netd.rc","extracted","2387","51039198C9EC69111B1F7F1C8257AE12EE0A677C14599A87416C5B24B112948B"
"/system/etc/init/netbpfload.rc","extracted","2952","14C576D0D33894504202743E0A1EA28D16F964A72C6AC1924F78EF371736B05D"
"/system/etc/init/hw/init.zygote64.rc","extracted","1097","F90DE6EC5F3A3E46F678F03287CABC933AC4D679BDFC5FB485BF50C34AEC9CE9"
"/system/etc/init/hw/init.zygote64_32.rc","extracted","715","CA8AD539813EA134A3464066ADF816AA71612D711CBC5B318E4C9BEA75BD672D"
"/system/etc/init/hw/init.rc","extracted","80870","4A55170C4D52C0E6B49AD807CDFCB86583E4DD9E2F2BF628F444132AB7B4928F"
