"path","source","status","size_bytes","sha256"
"build.prop","Milo","ok","12887","9c56a7d07910cb8389c143217652a210356e89884bd99695f56265fb85a7dbd4"
"build.prop","C30","ok","13337","660b764856b2c4f625d89ced043f8b2997d8154c172267029b44137e453c499e"
"build.prop","Xiaomi15","ok","12880","69d8fdc7ac0174ee0efd96c3d7606e1c5ced4a79165891f10e516e593fac226a"
"build.prop","K40","ok","14378","d940e12046a53275842df4bbe7390fd370cbb1eea079c993d493abdb84d36a16"
"etc/init/hw/init.rc","Milo","ok","80870","4a55170c4d52c0e6b49ad807cdfcb86583e4dd9e2f2bf628f444132ab7b4928f"
"etc/init/hw/init.rc","C30","ok","81323","b577f400bae706ab845699a52dbb0c889b0b62f32e0dc3cc8736a56c05490d62"
"etc/init/hw/init.rc","Xiaomi15","ok","80870","4a55170c4d52c0e6b49ad807cdfcb86583e4dd9e2f2bf628f444132ab7b4928f"
"etc/init/hw/init.rc","K40","ok","84245","92ff466f6edd6fa9b0240e1af26ec9ee8f0da90683b4d09afa4c4be1100ea8f6"
"etc/init/hw/init.zygote64.rc","Milo","ok","1097","f90de6ec5f3a3e46f678f03287cabc933ac4d679bdfc5fb485bf50c34aec9ce9"
"etc/init/hw/init.zygote64.rc","C30","ok","1097","f90de6ec5f3a3e46f678f03287cabc933ac4d679bdfc5fb485bf50c34aec9ce9"
"etc/init/hw/init.zygote64.rc","Xiaomi15","ok","1097","f90de6ec5f3a3e46f678f03287cabc933ac4d679bdfc5fb485bf50c34aec9ce9"
"etc/init/hw/init.zygote64.rc","K40","ok","1097","f90de6ec5f3a3e46f678f03287cabc933ac4d679bdfc5fb485bf50c34aec9ce9"
"etc/init/hw/init.zygote64_32.rc","Milo","ok","715","ca8ad539813ea134a3464066adf816aa71612d711cbc5b318e4c9bea75bd672d"
"etc/init/hw/init.zygote64_32.rc","C30","ok","715","ca8ad539813ea134a3464066adf816aa71612d711cbc5b318e4c9bea75bd672d"
"etc/init/hw/init.zygote64_32.rc","Xiaomi15","ok","715","ca8ad539813ea134a3464066adf816aa71612d711cbc5b318e4c9bea75bd672d"
"etc/init/hw/init.zygote64_32.rc","K40","ok","715","ca8ad539813ea134a3464066adf816aa71612d711cbc5b318e4c9bea75bd672d"
"etc/init/netd.rc","Milo","ok","2387","51039198c9ec69111b1f7f1c8257ae12ee0a677c14599a87416c5b24b112948b"
"etc/init/netd.rc","C30","ok","2319","ce706b53205492835be972de4381dc601297e4c0b211d3889c9c9e150428c5ee"
"etc/init/netd.rc","Xiaomi15","ok","2387","51039198c9ec69111b1f7f1c8257ae12ee0a677c14599a87416c5b24b112948b"
"etc/init/netd.rc","K40","ok","2387","51039198c9ec69111b1f7f1c8257ae12ee0a677c14599a87416c5b24b112948b"
"etc/init/netbpfload.rc","Milo","ok","2952","14c576d0d33894504202743e0a1ea28d16f964a72c6ac1924f78ef371736b05d"
"etc/init/netbpfload.rc","C30","ok","2309","bda68a4df3689384c1b8f883e70eb111c5dcf5e05b1187cba3cc870724830450"
"etc/init/netbpfload.rc","Xiaomi15","ok","2952","14c576d0d33894504202743e0a1ea28d16f964a72c6ac1924f78ef371736b05d"
"etc/init/netbpfload.rc","K40","ok","2952","14c576d0d33894504202743e0a1ea28d16f964a72c6ac1924f78ef371736b05d"
"bin/app_process64","Milo","ok","51856","06d483898dc5f5715894277ddaec5ed6c25889af7a9018e6f0815bde7cfa342f"
"bin/app_process64","C30","ok","51856","06d483898dc5f5715894277ddaec5ed6c25889af7a9018e6f0815bde7cfa342f"
"bin/app_process64","Xiaomi15","ok","51856","06d483898dc5f5715894277ddaec5ed6c25889af7a9018e6f0815bde7cfa342f"
"bin/app_process64","K40","ok","51856","06d483898dc5f5715894277ddaec5ed6c25889af7a9018e6f0815bde7cfa342f"
"bin/app_process32","Milo","ok","11204","d25e7edccac30721c53dc1fe7e690f97a3cae7d6e3fd3eb6cf3c8af416176697"
"bin/app_process32","C30","ok","11204","d25e7edccac30721c53dc1fe7e690f97a3cae7d6e3fd3eb6cf3c8af416176697"
"bin/app_process32","Xiaomi15","ok","11204","d25e7edccac30721c53dc1fe7e690f97a3cae7d6e3fd3eb6cf3c8af416176697"
"bin/app_process32","K40","ok","11204","d25e7edccac30721c53dc1fe7e690f97a3cae7d6e3fd3eb6cf3c8af416176697"
"lib64/libandroid_runtime.so","Milo","ok","3188240","22b624d7bfa130cb66ad841b0af152d975c5329449dd804e077d106c57a89c3a"
"lib64/libandroid_runtime.so","C30","ok","3188304","15f04857b182e1d4bf84b32aac0c5e8a37b049cb6e3493d4d1d1c0f121d68510"
"lib64/libandroid_runtime.so","Xiaomi15","ok","3188304","15f04857b182e1d4bf84b32aac0c5e8a37b049cb6e3493d4d1d1c0f121d68510"
"lib64/libandroid_runtime.so","K40","ok","3188304","15f04857b182e1d4bf84b32aac0c5e8a37b049cb6e3493d4d1d1c0f121d68510"
"etc/classpaths/bootclasspath.pb","Milo","ok","2250","e9a28fe4e3065f996082532828c4e55d9868fa2740dfd58fd87daa54eb1eed27"
"etc/classpaths/bootclasspath.pb","C30","ok","2250","e9a28fe4e3065f996082532828c4e55d9868fa2740dfd58fd87daa54eb1eed27"
"etc/classpaths/bootclasspath.pb","Xiaomi15","ok","2250","e9a28fe4e3065f996082532828c4e55d9868fa2740dfd58fd87daa54eb1eed27"
"etc/classpaths/bootclasspath.pb","K40","ok","2250","e9a28fe4e3065f996082532828c4e55d9868fa2740dfd58fd87daa54eb1eed27"
"etc/classpaths/systemserverclasspath.pb","Milo","ok","194","320dec2bc93cd81c0f0c218aee27afb94c1051f0e098e2d93893136c9c798f8b"
"etc/classpaths/systemserverclasspath.pb","C30","ok","194","320dec2bc93cd81c0f0c218aee27afb94c1051f0e098e2d93893136c9c798f8b"
"etc/classpaths/systemserverclasspath.pb","Xiaomi15","ok","194","320dec2bc93cd81c0f0c218aee27afb94c1051f0e098e2d93893136c9c798f8b"
"etc/classpaths/systemserverclasspath.pb","K40","ok","194","320dec2bc93cd81c0f0c218aee27afb94c1051f0e098e2d93893136c9c798f8b"
"apex/com.android.art.capex","Milo","ok","23564842","01b9200bf81e9274b06206fc50f541da513af2f1569d57a8226c4299ca65cf16"
"apex/com.android.art.capex","C30","ok","23564842","01b9200bf81e9274b06206fc50f541da513af2f1569d57a8226c4299ca65cf16"
"apex/com.android.art.capex","Xiaomi15","ok","23564842","01b9200bf81e9274b06206fc50f541da513af2f1569d57a8226c4299ca65cf16"
"apex/com.android.art.capex","K40","ok","23564842","01b9200bf81e9274b06206fc50f541da513af2f1569d57a8226c4299ca65cf16"
"apex/com.android.runtime.apex","Milo","ok","12996608","45a073dd1ed7f8447c99e3360d989489aaa3a3573bf2913c284bc9c83d36e595"
"apex/com.android.runtime.apex","C30","ok","12996608","45a073dd1ed7f8447c99e3360d989489aaa3a3573bf2913c284bc9c83d36e595"
"apex/com.android.runtime.apex","Xiaomi15","ok","12996608","45a073dd1ed7f8447c99e3360d989489aaa3a3573bf2913c284bc9c83d36e595"
"apex/com.android.runtime.apex","K40","ok","12996608","45a073dd1ed7f8447c99e3360d989489aaa3a3573bf2913c284bc9c83d36e595"
"framework/services.jar","Milo","ok","39927308","ac53add4b7f559780affd6c7a614f405cefad18f2cb07cb769c7a1afbbae5c20"
"framework/services.jar","C30","ok","39918228","8940bc77c8d50f8a5e8106e7a0b3d63c6562505831e875c2ae2c8ec892b0aca1"
"framework/services.jar","Xiaomi15","ok","39918228","8940bc77c8d50f8a5e8106e7a0b3d63c6562505831e875c2ae2c8ec892b0aca1"
"framework/services.jar","K40","ok","40160958","4697033226f63161c8222911377d927a5affa64ad2a8c98b1e3415e6535d2203"
"framework/framework-res.apk","Milo","ok","20978752","a477f21080d3ba868ebc493804d5728e7ae5bc7eaec71bcfa174ef49bd0132a3"
"framework/framework-res.apk","C30","ok","20978752","511e2dcbfe7a171e27cf7cf906f834cd55cecf28e07241011f9bb15f852e6abf"
"framework/framework-res.apk","Xiaomi15","ok","20978752","511e2dcbfe7a171e27cf7cf906f834cd55cecf28e07241011f9bb15f852e6abf"
"framework/framework-res.apk","K40","ok","20978752","511e2dcbfe7a171e27cf7cf906f834cd55cecf28e07241011f9bb15f852e6abf"
"etc/linker.config.pb","Milo","ok","1240","0cb3b9fe157fc5fdba0873420d4304a20ff95302d95f86449e3d8001c67c6b35"
"etc/linker.config.pb","C30","ok","1240","0cb3b9fe157fc5fdba0873420d4304a20ff95302d95f86449e3d8001c67c6b35"
"etc/linker.config.pb","Xiaomi15","ok","1240","0cb3b9fe157fc5fdba0873420d4304a20ff95302d95f86449e3d8001c67c6b35"
"etc/linker.config.pb","K40","ok","1240","0cb3b9fe157fc5fdba0873420d4304a20ff95302d95f86449e3d8001c67c6b35"
"etc/vintf/manifest.xml","Milo","ok","2158","b9a2ee3ab7e2edcf3dc20737336cb838e7aa2a401f842e36d3a6402fecd0e433"
"etc/vintf/manifest.xml","C30","ok","2158","b9a2ee3ab7e2edcf3dc20737336cb838e7aa2a401f842e36d3a6402fecd0e433"
"etc/vintf/manifest.xml","Xiaomi15","ok","2158","b9a2ee3ab7e2edcf3dc20737336cb838e7aa2a401f842e36d3a6402fecd0e433"
"etc/vintf/manifest.xml","K40","ok","2158","b9a2ee3ab7e2edcf3dc20737336cb838e7aa2a401f842e36d3a6402fecd0e433"
"etc/vintf/compatibility_matrix.8.xml","Milo","ok","100397","d33b5d56e3d630bc9416427f3296db1cdbf457e840e939f63fb7bde85e692259"
"etc/vintf/compatibility_matrix.8.xml","C30","ok","100397","d33b5d56e3d630bc9416427f3296db1cdbf457e840e939f63fb7bde85e692259"
"etc/vintf/compatibility_matrix.8.xml","Xiaomi15","ok","100397","d33b5d56e3d630bc9416427f3296db1cdbf457e840e939f63fb7bde85e692259"
"etc/vintf/compatibility_matrix.8.xml","K40","ok","100397","d33b5d56e3d630bc9416427f3296db1cdbf457e840e939f63fb7bde85e692259"
"etc/selinux/plat_sepolicy.cil","Milo","ok","3301542","96320f4ed4f982adb0e69cf3e61a92d2677f8fc357123f2f2e3d43daa9aaff45"
"etc/selinux/plat_sepolicy.cil","C30","ok","3303714","fb4e807318d797aaceae777b902e54da48c66a676ab93ea570d563fac9fb8af8"
"etc/selinux/plat_sepolicy.cil","Xiaomi15","ok","3301280","795b0e01d1b51f0386a26314a25931db37cebf0cd62195b3cb259b355d22eee2"
"etc/selinux/plat_sepolicy.cil","K40","ok","3301255","1ce1e7d3e1ea83f946e4cb3047ebc6bbe0a96041204b2b7895e7e97c5f586ff6"
