published_path,local_source_relative,source_bytes,source_sha256,published_bytes,published_sha256,transform,notes
pstore/console-ramoops-0.redacted.txt,work/reports/20260929_C28_RECOVERY_ZYGOTE_DIAGNOSTIC/standalone_salvage/run_20260929_192136/THYME_DIAG/pstore/console-ramoops-0,291974,930CF41C6E1B051992F54793A46D1B86143E63342566561F9AD4D887FE2582AB,291962,63B852882BDA1392D9FE20FBD587DA2B4FD781E29E94E9B174DF84FEA076F52B,scrub,"Text copy; serial, CPUID, host/build paths redacted; local original retained unchanged."
pstore/pmsg-ramoops-0,work/reports/20260929_C28_RECOVERY_ZYGOTE_DIAGNOSTIC/standalone_salvage/run_20260929_192136/THYME_DIAG/pstore/pmsg-ramoops-0,89337,9A1687B0739B78AA6494D4DF98A6DC246BDC2D23F3542B988A4735F08FD2EBF4,89337,9A1687B0739B78AA6494D4DF98A6DC246BDC2D23F3542B988A4735F08FD2EBF4,raw,Raw pmsg bytes unchanged; no device serial/CPUID found.
pstore/pmsg-ramoops-0.searchable.txt,work/reports/20260929_C28_RECOVERY_ZYGOTE_DIAGNOSTIC/standalone_salvage/run_20260929_192136/THYME_DIAG/pstore/pmsg-ramoops-0,89337,9A1687B0739B78AA6494D4DF98A6DC246BDC2D23F3542B988A4735F08FD2EBF4,84086,25977FA4D165BEA84E0D32B16C6319424000DBB6A3A44D4B443BFCB58A0C491B,lossy text view,Control/binary bytes normalized to spaces; raw pmsg sibling is authoritative.
standalone/dmesg_diag_boot.txt.redacted.txt,work/reports/20260929_C28_RECOVERY_ZYGOTE_DIAGNOSTIC/standalone_salvage/run_20260929_192136/THYME_DIAG/dmesg_diag_boot.txt,154620,E7DD0D561AD6C3DD21936D799C3E7F2FFD44E07DAE551A34B9E83478F2A2D600,154608,1C0A50C30C3F7C12182D56834D937390A9B7CB32F620E4B0D56D924ACCA08949,scrub,"Standalone environment kernel log, not C28 Android kernel log; identifiers/host paths redacted."
standalone/diag_status.log.redacted.txt,work/reports/20260929_C28_RECOVERY_ZYGOTE_DIAGNOSTIC/standalone_salvage/run_20260929_192136/THYME_DIAG/diag_status.log,3158,F37DBB4356CD7707DF07EFA640F902AF54271BBEA7F28286863B9239FFE81580,3146,34C3FD278002139C8A1FF68501C2EEAAD9AD8653DE67304DA5728B6396458045,scrub,Standalone exporter status; serial and CPUID redacted.
standalone/oops.raw.redacted.bin,work/reports/20260929_C28_RECOVERY_ZYGOTE_DIAGNOSTIC/standalone_salvage/run_20260929_192136/THYME_DIAG/oops.raw,16777216,7D1E254BBEB4803D79FDF96F673EF4DC9C7D0EAE68DF3019C2384B3439E4BB66,16777216,A38A3C646AE142B8FB863C0E5469197D947E9AB287E22EFB6A522A483767F46A,oops,"Historical MTD oops dump; same-length serial/CPUID substitutions; header identifies 2024 long-press record, not C28."
host/fastboot_preboot_state.txt.redacted.txt,work/reports/20260929_C28_RECOVERY_ZYGOTE_DIAGNOSTIC/observations/run_20260929_190954/fastboot_preboot_state.txt,214,9C38E5F8219BB13BB8491F6FC08408DA3ED953175398BB2732DA0B7CDA207BC1,214,9C38E5F8219BB13BB8491F6FC08408DA3ED953175398BB2732DA0B7CDA207BC1,scrub,Host observation copy; device serial and local project path redacted.
host/host_events.jsonl.redacted.txt,work/reports/20260929_C28_RECOVERY_ZYGOTE_DIAGNOSTIC/observations/run_20260929_190954/host_events.jsonl,2866,F45885FD886D090D422EB2CA90C97DEE94805C110450393A53D1F05ED7CC2CD0,2938,1D55E1D0D2D02A72ECF6AA392BBEDAF986346E57AC5FB4DC7495F45D238EDB08,scrub,Host observation copy; device serial and local project path redacted.
host/logcat_all_monotonic.txt.redacted.txt,work/reports/20260929_C28_RECOVERY_ZYGOTE_DIAGNOSTIC/observations/run_20260929_190954/logcat_all_monotonic.txt,0,E3B0C44298FC1C149AFBF4C8996FB92427AE41E4649B934CA495991B7852B855,0,E3B0C44298FC1C149AFBF4C8996FB92427AE41E4649B934CA495991B7852B855,scrub,Host observation copy; device serial and local project path redacted.
host/logcat_client_stderr.txt.redacted.txt,work/reports/20260929_C28_RECOVERY_ZYGOTE_DIAGNOSTIC/observations/run_20260929_190954/logcat_client_stderr.txt,0,E3B0C44298FC1C149AFBF4C8996FB92427AE41E4649B934CA495991B7852B855,0,E3B0C44298FC1C149AFBF4C8996FB92427AE41E4649B934CA495991B7852B855,scrub,Host observation copy; device serial and local project path redacted.
host/observer_armed.json.redacted.txt,work/reports/20260929_C28_RECOVERY_ZYGOTE_DIAGNOSTIC/observations/run_20260929_190954/observer_armed.json,597,F8BC14764C78F678D9B0069EB76DFCFDDA26A498187F8D3C94D3AA6808D2DDAD,625,1F2BAF748E727BF3E6DEE63BA547CD347808B2A2EC849021AFA4AB5DF374F8CF,scrub,Host observation copy; device serial and local project path redacted.
host/run_metadata.json.redacted.txt,work/reports/20260929_C28_RECOVERY_ZYGOTE_DIAGNOSTIC/observations/run_20260929_190954/run_metadata.json,338,89398BC13B6652D7EB892357EA1DB26B4D19019E3C236DC22C39F1AAB3B462AC,354,76134B23BFD874F32BEF558A576F2E4D4DAA4CE41044E79AD75F9DFF8F23760E,scrub,Host observation copy; device serial and local project path redacted.
host/usb_adb_fastboot_timeline.csv.redacted.txt,work/reports/20260929_C28_RECOVERY_ZYGOTE_DIAGNOSTIC/observations/run_20260929_190954/usb_adb_fastboot_timeline.csv,118787,2B41F3A7B4BC929D56DD3F6CEE9C1790B8C2670FE5F86639F195691A398D9650,120863,05B9186708C73820A9026E1F285576734C1CA67F39A69066070D44D70F9D6075,scrub,Host observation copy; device serial and local project path redacted.
metadata/readonly-export-limits.md,derived from metadata_salvage/run_20260929_192439,0,,845,43F460CC4FCDA825711757ED295C0D56B17019523976E69018E4D07CE335DF10,derived summary,Describes actual no-journal-replay view and export limitation.
[excluded],metadata_salvage/run_20260929_192439/THYME_DIAG/misc.raw,,,0,,excluded,Raw misc/BCB partition backup; excluded.
[excluded],standalone_salvage/run_20260929_192136/THYME_DIAG/System Volume Information/*,,,0,,excluded,Windows volume metadata; not project diagnostics.
[excluded],metadata_salvage/run_20260929_192439/THYME_DIAG/C25_metadata/*,,,0,,excluded,Older C25/C26/C27 metadata contents; not C28 evidence and not duplicated.
README.md,derived documentation,0,,1144,109378A357F3F4C8540A4FDA9605D2E5891DB563B7B7B4A061D01B59C6B5DF5D,derived documentation,Explains evidence files and redaction policy.
