host_utc,elapsed_seconds,adb_state,fastboot_state,adb_output,fastboot_output
2026-09-25T16:15:42.172+00:00,0.001,absent,absent,List of devices attached,
2026-09-25T16:15:43.246+00:00,1.081,absent,absent,List of devices attached,
2026-09-25T16:15:44.309+00:00,2.146,absent,absent,List of devices attached,
2026-09-25T16:15:45.372+00:00,3.209,absent,absent,List of devices attached,
2026-09-25T16:15:46.435+00:00,4.272,absent,absent,List of devices attached,
2026-09-25T16:15:47.499+00:00,5.335,absent,absent,List of devices attached,
2026-09-25T16:15:48.564+00:00,6.399,absent,absent,List of devices attached,
2026-09-25T16:15:49.627+00:00,7.464,absent,absent,List of devices attached,
2026-09-25T16:15:50.692+00:00,8.528,absent,absent,List of devices attached,
2026-09-25T16:15:51.756+00:00,9.592,absent,absent,List of devices attached,
2026-09-25T16:15:52.820+00:00,10.655,absent,absent,List of devices attached,
2026-09-25T16:15:53.885+00:00,11.720,absent,absent,List of devices attached,
2026-09-25T16:15:54.951+00:00,12.785,absent,absent,List of devices attached,
2026-09-25T16:15:56.013+00:00,13.851,absent,absent,List of devices attached,
2026-09-25T16:15:57.077+00:00,14.913,absent,absent,List of devices attached,
2026-09-25T16:15:58.142+00:00,15.978,absent,fastboot,List of devices attached,1384e684               fastboot
2026-09-25T16:15:59.205+00:00,17.042,absent,fastboot,List of devices attached,1384e684               fastboot
2026-09-25T16:16:00.272+00:00,18.106,absent,fastboot,List of devices attached,1384e684               fastboot
2026-09-25T16:16:01.335+00:00,19.172,absent,fastboot,List of devices attached,1384e684               fastboot
2026-09-25T16:16:02.403+00:00,20.235,absent,fastboot,List of devices attached,1384e684               fastboot
2026-09-25T16:16:03.468+00:00,21.303,absent,fastboot,List of devices attached,1384e684               fastboot
2026-09-25T16:16:04.533+00:00,22.368,absent,fastboot,List of devices attached,1384e684               fastboot
2026-09-25T16:16:05.597+00:00,23.433,absent,fastboot,List of devices attached,1384e684               fastboot
2026-09-25T16:16:06.661+00:00,24.497,absent,fastboot,List of devices attached,1384e684               fastboot
2026-09-25T16:16:07.725+00:00,25.561,absent,fastboot,List of devices attached,1384e684               fastboot
2026-09-25T16:16:08.795+00:00,26.625,absent,fastboot,List of devices attached,1384e684               fastboot
2026-09-25T16:16:09.860+00:00,27.695,absent,fastboot,List of devices attached,1384e684               fastboot
2026-09-25T16:16:10.928+00:00,28.760,absent,fastboot,List of devices attached,1384e684               fastboot
2026-09-25T16:16:12.002+00:00,29.828,absent,fastboot,List of devices attached,1384e684               fastboot
2026-09-25T16:16:13.073+00:00,30.902,absent,fastboot,List of devices attached,1384e684               fastboot
2026-09-25T16:16:14.149+00:00,31.973,absent,fastboot,List of devices attached,1384e684               fastboot
2026-09-25T16:16:15.218+00:00,33.049,absent,fastboot,List of devices attached,1384e684               fastboot
2026-09-25T16:16:16.286+00:00,34.118,absent,fastboot,List of devices attached,1384e684               fastboot
2026-09-25T16:16:17.350+00:00,35.186,absent,fastboot,List of devices attached,1384e684               fastboot
2026-09-25T16:16:18.416+00:00,36.250,absent,fastboot,List of devices attached,1384e684               fastboot
2026-09-25T16:16:19.482+00:00,37.315,absent,fastboot,List of devices attached,1384e684               fastboot
2026-09-25T16:16:20.552+00:00,38.381,absent,fastboot,List of devices attached,1384e684               fastboot
2026-09-25T16:16:21.625+00:00,39.452,absent,fastboot,List of devices attached,1384e684               fastboot
2026-09-25T16:16:22.706+00:00,40.525,absent,fastboot,List of devices attached,1384e684               fastboot
2026-09-25T16:16:23.772+00:00,41.606,absent,fastboot,List of devices attached,1384e684               fastboot
2026-09-25T16:16:24.836+00:00,42.672,absent,fastboot,List of devices attached,1384e684               fastboot
2026-09-25T16:16:25.900+00:00,43.736,absent,fastboot,List of devices attached,1384e684               fastboot
2026-09-25T16:16:26.976+00:00,44.800,absent,fastboot,List of devices attached,1384e684               fastboot
2026-09-25T16:16:28.054+00:00,45.876,absent,fastboot,List of devices attached,1384e684               fastboot
2026-09-25T16:16:29.119+00:00,46.954,absent,fastboot,List of devices attached,1384e684               fastboot
2026-09-25T16:16:30.185+00:00,48.019,absent,fastboot,List of devices attached,1384e684               fastboot
2026-09-25T16:16:31.251+00:00,49.085,absent,fastboot,List of devices attached,1384e684               fastboot
2026-09-25T16:16:32.322+00:00,50.151,absent,fastboot,List of devices attached,1384e684               fastboot
2026-09-25T16:16:33.401+00:00,51.222,absent,fastboot,List of devices attached,1384e684               fastboot
2026-09-25T16:16:34.468+00:00,52.301,absent,fastboot,List of devices attached,1384e684               fastboot
2026-09-25T16:16:35.535+00:00,53.368,absent,fastboot,List of devices attached,1384e684               fastboot
