"Candidate","Source","PublishedPath","Bytes","SHA256"
"C13","work/reports/20260925_CANDIDATE13_LOG_SALVAGE/run_20260925_165614/diag_status.log","evidence/candidate13/standalone/run_20260925_165614/diag_status.log","2987","C1A11083DFFD3C4A91FB320034EAE6187A782335ED65E97C8F5B43F01CB0412A"
"C13","work/reports/20260925_CANDIDATE13_LOG_SALVAGE/run_20260925_165614/dmesg_diag_boot.txt","evidence/candidate13/standalone/run_20260925_165614/dmesg_diag_boot.txt","154715","8251F31CFB65EE7FF7F610E95838A4F313B5A63171BEEB5A9C7BBCD90E83809B"
"C13","work/reports/20260925_CANDIDATE13_LOG_SALVAGE/run_20260925_165614/oops.raw","evidence/candidate13/standalone/run_20260925_165614/oops.raw","16777216","7D1E254BBEB4803D79FDF96F673EF4DC9C7D0EAE68DF3019C2384B3439E4BB66"
"C13","work/reports/20260925_CANDIDATE13_LOG_SALVAGE/run_20260925_165614/oops.raw.sha256","evidence/candidate13/standalone/run_20260925_165614/oops.raw.sha256","86","779E0F1C118D31979D1876063D30887E73EAE9590E12202C845011203AFCB91A"
"C13","work/reports/20260925_CANDIDATE13_LOG_SALVAGE/run_20260925_165614/SHA256SUMS.txt","evidence/candidate13/standalone/run_20260925_165614/SHA256SUMS.txt","416","C0442729D3C9A03CCA2CC15F44C0161CDD5EFDE42EEDCF3D32340014BCA3D15C"
"C13","work/reports/20260925_CANDIDATE13_LOG_SALVAGE/run_20260925_165614/pstore/console-ramoops-0","evidence/candidate13/standalone/run_20260925_165614/pstore/console-ramoops-0","147496","C20DDB8458B490782074110DFBAD2453C60ED0CDB719289F9481B096B6B09239"
"C13","work/reports/20260925_CANDIDATE13_LOG_SALVAGE/run_20260926_002005/diag_status.log","evidence/candidate13/standalone/run_20260926_002005/diag_status.log","2987","F3631D9EE930D81E9695DADB1D8D122950166D031FF167EACC7C06875E1E67D3"
"C13","work/reports/20260925_CANDIDATE13_LOG_SALVAGE/run_20260926_002005/dmesg_diag_boot.txt","evidence/candidate13/standalone/run_20260926_002005/dmesg_diag_boot.txt","155617","AC5C91528FB089BC58A81D9D3C7708AD3291C3E67932D5E81812566DBCD12043"
"C13","work/reports/20260925_CANDIDATE13_LOG_SALVAGE/run_20260926_002005/oops.raw","evidence/candidate13/standalone/run_20260926_002005/oops.raw","16777216","7D1E254BBEB4803D79FDF96F673EF4DC9C7D0EAE68DF3019C2384B3439E4BB66"
"C13","work/reports/20260925_CANDIDATE13_LOG_SALVAGE/run_20260926_002005/oops.raw.sha256","evidence/candidate13/standalone/run_20260926_002005/oops.raw.sha256","86","779E0F1C118D31979D1876063D30887E73EAE9590E12202C845011203AFCB91A"
"C13","work/reports/20260925_CANDIDATE13_LOG_SALVAGE/run_20260926_002005/SHA256SUMS.txt","evidence/candidate13/standalone/run_20260926_002005/SHA256SUMS.txt","416","3973ACCB3972AACAF1ADE609A60ACE134771386B130735C6BECF0EACC7158E5F"
"C13","work/reports/20260925_CANDIDATE13_LOG_SALVAGE/run_20260926_002005/pstore/console-ramoops-0","evidence/candidate13/standalone/run_20260926_002005/pstore/console-ramoops-0","152259","B3C1AED57D815DAF14B422623719FE1B6B0A9616D701FD876035926449324311"
"C13","work/reports/20260925_CANDIDATE13_LOG_SALVAGE/run_20260926_122358/diag_status.log","evidence/candidate13/standalone/run_20260926_122358/diag_status.log","3158","4EACB9ECA03062D6943794947302274FB9DBB8424609D3CE669293DBEF627AB7"
"C13","work/reports/20260925_CANDIDATE13_LOG_SALVAGE/run_20260926_122358/dmesg_diag_boot.txt","evidence/candidate13/standalone/run_20260926_122358/dmesg_diag_boot.txt","154806","FBA2419F50E710C5F518106798BC69FA7554E7244A9991C8888078C25756A801"
"C13","work/reports/20260925_CANDIDATE13_LOG_SALVAGE/run_20260926_122358/EXPORT_SOURCE.txt","evidence/candidate13/standalone/run_20260926_122358/EXPORT_SOURCE.txt","264","8F91AAB70311B016BC74C85FA0749B57238DF5AD33AB7961E0AB3328EDA91F5F"
"C13","work/reports/20260925_CANDIDATE13_LOG_SALVAGE/run_20260926_122358/host_salvage_timeline.csv","evidence/candidate13/standalone/run_20260926_122358/host_salvage_timeline.csv","1219","A5AC256114B3BBC37EBFDBD3D2CF467EB72BBB0060B907624BCF0D7A20E47D43"
"C13","work/reports/20260925_CANDIDATE13_LOG_SALVAGE/run_20260926_122358/oops.raw","evidence/candidate13/standalone/run_20260926_122358/oops.raw","16777216","7D1E254BBEB4803D79FDF96F673EF4DC9C7D0EAE68DF3019C2384B3439E4BB66"
"C13","work/reports/20260925_CANDIDATE13_LOG_SALVAGE/run_20260926_122358/oops.raw.sha256","evidence/candidate13/standalone/run_20260926_122358/oops.raw.sha256","86","779E0F1C118D31979D1876063D30887E73EAE9590E12202C845011203AFCB91A"
"C13","work/reports/20260925_CANDIDATE13_LOG_SALVAGE/run_20260926_122358/SHA256SUMS.txt","evidence/candidate13/standalone/run_20260926_122358/SHA256SUMS.txt","504","BCF7C94744AD9B7094361D7C323E858E8DEE4408C370F2AE6F891CB6FDB795B5"
"C13","work/reports/20260925_CANDIDATE13_LOG_SALVAGE/run_20260926_122358/pstore/console-ramoops-0","evidence/candidate13/standalone/run_20260926_122358/pstore/console-ramoops-0","218184","F504B4D0ED74842DEF0D2726C0286892A9D0D37A7EA42D1E07A73F1D59BD3E70"
"C13","work/reports/20260925_CANDIDATE13_LOG_SALVAGE/run_20260926_122358/pstore/pmsg-ramoops-0","evidence/candidate13/standalone/run_20260926_122358/pstore/pmsg-ramoops-0","42225","006B672F9F9457ACAC1A7BA7ADC23B530F49871ADBC49BDD686DB4E547CBCE26"
"C13","work/reports/20260925_CANDIDATE13_STORAGE_SAFETY_AND_FIRST_FAILURE/observations/run_20260926_001542/logcat_all_monotonic.txt","evidence/candidate13/host-observations/run_20260926_001542_unlabeled/logcat_all_monotonic.txt","0","E3B0C44298FC1C149AFBF4C8996FB92427AE41E4649B934CA495991B7852B855"
"C13","work/reports/20260925_CANDIDATE13_STORAGE_SAFETY_AND_FIRST_FAILURE/observations/run_20260926_001542/logcat_client_stderr.txt","evidence/candidate13/host-observations/run_20260926_001542_unlabeled/logcat_client_stderr.txt","0","E3B0C44298FC1C149AFBF4C8996FB92427AE41E4649B934CA495991B7852B855"
"C13","work/reports/20260925_CANDIDATE13_STORAGE_SAFETY_AND_FIRST_FAILURE/observations/run_20260926_001542/usb_adb_fastboot_timeline.csv","evidence/candidate13/host-observations/run_20260926_001542_unlabeled/usb_adb_fastboot_timeline.csv","5234","A4EFE0FBA4CF975255786825848AD5E69787E5375EC1375EBA02A7FDE419BA03"
"C13","work/reports/20260925_CANDIDATE13_STORAGE_SAFETY_AND_FIRST_FAILURE/observations/run_20260926_122156/host_events.jsonl","evidence/candidate13/host-observations/run_20260926_122156/host_events.jsonl","921","E7160ACFF452CBDC09029EA96C231F78A82C2BE73EA032EEE147B0DD715684B7"
"C13","work/reports/20260925_CANDIDATE13_STORAGE_SAFETY_AND_FIRST_FAILURE/observations/run_20260926_122156/host_fastboot_commands.csv","evidence/candidate13/host-observations/run_20260926_122156/host_fastboot_commands.csv","373","C99FC455411A09DC2A556ECAD83C02223B38140D9497503E544CA4FCB8331D30"
"C13","work/reports/20260925_CANDIDATE13_STORAGE_SAFETY_AND_FIRST_FAILURE/observations/run_20260926_122156/logcat_all_monotonic.txt","evidence/candidate13/host-observations/run_20260926_122156/logcat_all_monotonic.txt","0","E3B0C44298FC1C149AFBF4C8996FB92427AE41E4649B934CA495991B7852B855"
"C13","work/reports/20260925_CANDIDATE13_STORAGE_SAFETY_AND_FIRST_FAILURE/observations/run_20260926_122156/logcat_client_stderr.txt","evidence/candidate13/host-observations/run_20260926_122156/logcat_client_stderr.txt","0","E3B0C44298FC1C149AFBF4C8996FB92427AE41E4649B934CA495991B7852B855"
"C13","work/reports/20260925_CANDIDATE13_STORAGE_SAFETY_AND_FIRST_FAILURE/observations/run_20260926_122156/observer_armed.json","evidence/candidate13/host-observations/run_20260926_122156/observer_armed.json","338","6DAA697727E33552FCCE6E4952647D9425655A3A6C7F0F616360EF9050AF18CA"
"C13","work/reports/20260925_CANDIDATE13_STORAGE_SAFETY_AND_FIRST_FAILURE/observations/run_20260926_122156/operator_actions.csv","evidence/candidate13/host-observations/run_20260926_122156/operator_actions.csv","201","933F41A2E0BF6A65A41CDD7D69EE4CA9A92770368CF2FF41867E4D0A965A8DBC"
"C13","work/reports/20260925_CANDIDATE13_STORAGE_SAFETY_AND_FIRST_FAILURE/observations/run_20260926_122156/run_metadata.json","evidence/candidate13/host-observations/run_20260926_122156/run_metadata.json","334","4A41B63CD450E0A8EFCF0A1CC86B5E71036B9EA2E34AA31ECE929D760A4961E9"
"C13","work/reports/20260925_CANDIDATE13_STORAGE_SAFETY_AND_FIRST_FAILURE/observations/run_20260926_122156/usb_adb_fastboot_timeline.csv","evidence/candidate13/host-observations/run_20260926_122156/usb_adb_fastboot_timeline.csv","15516","5FEAE85EDD51AD7D8D09B59A15A46F72C51F5144686A5D743A26F306CFDB944A"
"C14","work/reports/20260926_CANDIDATE14_FIRST_BOOT/standalone/run_20260926_153413/diag_status.log","evidence/candidate14/standalone/run_20260926_153413/diag_status.log","3158","CD339FFCC4F18FF01AC03D5E8D213A9AECE59B6F8F9ABDFBB7F95E5A41D0D5DC"
"C14","work/reports/20260926_CANDIDATE14_FIRST_BOOT/standalone/run_20260926_153413/dmesg_diag_boot.txt","evidence/candidate14/standalone/run_20260926_153413/dmesg_diag_boot.txt","155171","52DD6792EA7295E705B3E45075DBE54F9DDE2F4E467A7ABCC28D23CF73AC69D2"
"C14","work/reports/20260926_CANDIDATE14_FIRST_BOOT/standalone/run_20260926_153413/EXPORT_SOURCE.txt","evidence/candidate14/standalone/run_20260926_153413/EXPORT_SOURCE.txt","292","0AB88F2D255DABF10E9D0206C9116FA61A2F15BEBEC01F5036558FFEF5A59F59"
"C14","work/reports/20260926_CANDIDATE14_FIRST_BOOT/standalone/run_20260926_153413/host_salvage_timeline.csv","evidence/candidate14/standalone/run_20260926_153413/host_salvage_timeline.csv","1219","82852477F6272E513CB10B7B456CEB330B45B69D584E618A1931769E728176A0"
"C14","work/reports/20260926_CANDIDATE14_FIRST_BOOT/standalone/run_20260926_153413/oops.raw","evidence/candidate14/standalone/run_20260926_153413/oops.raw","16777216","7D1E254BBEB4803D79FDF96F673EF4DC9C7D0EAE68DF3019C2384B3439E4BB66"
"C14","work/reports/20260926_CANDIDATE14_FIRST_BOOT/standalone/run_20260926_153413/oops.raw.sha256","evidence/candidate14/standalone/run_20260926_153413/oops.raw.sha256","86","779E0F1C118D31979D1876063D30887E73EAE9590E12202C845011203AFCB91A"
"C14","work/reports/20260926_CANDIDATE14_FIRST_BOOT/standalone/run_20260926_153413/SHA256SUMS.txt","evidence/candidate14/standalone/run_20260926_153413/SHA256SUMS.txt","504","91A9E655F1BB63BAF44EA7A5560C79007E496B4FECB13E2286BAC22E27514BAD"
"C14","work/reports/20260926_CANDIDATE14_FIRST_BOOT/standalone/run_20260926_153413/pstore/console-ramoops-0","evidence/candidate14/standalone/run_20260926_153413/pstore/console-ramoops-0","574020","11F5A76044EA676C4E98052B4AF0839AD150D1F45E095A31FB46833F17BE0D13"
"C14","work/reports/20260926_CANDIDATE14_FIRST_BOOT/standalone/run_20260926_153413/pstore/pmsg-ramoops-0","evidence/candidate14/standalone/run_20260926_153413/pstore/pmsg-ramoops-0","336612","06D110FB4AE2AA14CBA5657F3FEF3F9F9717B09709E64378D7A412D4427E6AF7"
"C14","work/reports/20260925_CANDIDATE13_STORAGE_SAFETY_AND_FIRST_FAILURE/observations/candidate14/run_20260926_152457/host_events.jsonl","evidence/candidate14/host-observations/run_20260926_152457/host_events.jsonl","1159","68EFDD6C99BA1BCA3A8F52C9C1B84707167796951DF6FD0127C240092BC221BB"
"C14","work/reports/20260925_CANDIDATE13_STORAGE_SAFETY_AND_FIRST_FAILURE/observations/candidate14/run_20260926_152457/host_fastboot_commands.csv","evidence/candidate14/host-observations/run_20260926_152457/host_fastboot_commands.csv","373","D25E5DE76B61B0109D4BB9C0DCC69AE5083AD48F1915139356E498853F928107"
"C14","work/reports/20260925_CANDIDATE13_STORAGE_SAFETY_AND_FIRST_FAILURE/observations/candidate14/run_20260926_152457/HOST_SHA256SUMS.txt","evidence/candidate14/host-observations/run_20260926_152457/HOST_SHA256SUMS.txt","759","4059088B2C0A600E19ED53E13EDB7A0B76A854B5D39D5B4428C55577AB321C7B"
"C14","work/reports/20260925_CANDIDATE13_STORAGE_SAFETY_AND_FIRST_FAILURE/observations/candidate14/run_20260926_152457/logcat_all_monotonic.txt","evidence/candidate14/host-observations/run_20260926_152457/logcat_all_monotonic.txt","0","E3B0C44298FC1C149AFBF4C8996FB92427AE41E4649B934CA495991B7852B855"
"C14","work/reports/20260925_CANDIDATE13_STORAGE_SAFETY_AND_FIRST_FAILURE/observations/candidate14/run_20260926_152457/logcat_client_stderr.txt","evidence/candidate14/host-observations/run_20260926_152457/logcat_client_stderr.txt","0","E3B0C44298FC1C149AFBF4C8996FB92427AE41E4649B934CA495991B7852B855"
"C14","work/reports/20260925_CANDIDATE13_STORAGE_SAFETY_AND_FIRST_FAILURE/observations/candidate14/run_20260926_152457/observer_armed.json","evidence/candidate14/host-observations/run_20260926_152457/observer_armed.json","347","2E01EC8D97EDF32B0B58B8E5E09C415F2F75C9F439D74D7F2E1CA02EDCA9BCF4"
"C14","work/reports/20260925_CANDIDATE13_STORAGE_SAFETY_AND_FIRST_FAILURE/observations/candidate14/run_20260926_152457/operator_actions.csv","evidence/candidate14/host-observations/run_20260926_152457/operator_actions.csv","157","84C9EEC8B58E987C85160270074FC5F84C8F94C37F3909EC00C7F6A2C836789F"
"C14","work/reports/20260925_CANDIDATE13_STORAGE_SAFETY_AND_FIRST_FAILURE/observations/candidate14/run_20260926_152457/run_metadata.json","evidence/candidate14/host-observations/run_20260926_152457/run_metadata.json","344","A56B24C69A19F5141A809FFBE9DB287527A2B232371E5A2EC2B58E9CE111E32B"
"C14","work/reports/20260925_CANDIDATE13_STORAGE_SAFETY_AND_FIRST_FAILURE/observations/candidate14/run_20260926_152457/usb_adb_fastboot_timeline.csv","evidence/candidate14/host-observations/run_20260926_152457/usb_adb_fastboot_timeline.csv","31472","FDCE0207B821618D1D4E5536AB9C52CA656FAC7F4F3DF04242C96DEF4986FAB1"
"C15","work/reports/20260926_CANDIDATE15_FIRST_BOOT/standalone/run_20260926_174212/diag_status.log","evidence/candidate15/standalone/run_20260926_174212/diag_status.log","3159","A6AF61B39830F3105C7C8BDB66F374D0AF89C9A70ECBD2FC6D2D3035F2CB84A1"
"C15","work/reports/20260926_CANDIDATE15_FIRST_BOOT/standalone/run_20260926_174212/dmesg_diag_boot.txt","evidence/candidate15/standalone/run_20260926_174212/dmesg_diag_boot.txt","155161","AD764A231AF1F258B5F1155B53B4AFBC9DCBE8D2153B9FD6E1F8BD23DDBE855F"
"C15","work/reports/20260926_CANDIDATE15_FIRST_BOOT/standalone/run_20260926_174212/EXPORT_SOURCE.txt","evidence/candidate15/standalone/run_20260926_174212/EXPORT_SOURCE.txt","312","EDC7839FF4138AA1ACD74CCB5EC7294FE849B64A4E2A3D28246F87ECF6046036"
"C15","work/reports/20260926_CANDIDATE15_FIRST_BOOT/standalone/run_20260926_174212/host_salvage_timeline.csv","evidence/candidate15/standalone/run_20260926_174212/host_salvage_timeline.csv","1219","074FC8A2AAA98853EB5FCA2BCF584F516AC2ACBCD4A0516C68FCC030FA0223CE"
"C15","work/reports/20260926_CANDIDATE15_FIRST_BOOT/standalone/run_20260926_174212/oops.raw","evidence/candidate15/standalone/run_20260926_174212/oops.raw","16777216","7D1E254BBEB4803D79FDF96F673EF4DC9C7D0EAE68DF3019C2384B3439E4BB66"
"C15","work/reports/20260926_CANDIDATE15_FIRST_BOOT/standalone/run_20260926_174212/oops.raw.sha256","evidence/candidate15/standalone/run_20260926_174212/oops.raw.sha256","86","779E0F1C118D31979D1876063D30887E73EAE9590E12202C845011203AFCB91A"
"C15","work/reports/20260926_CANDIDATE15_FIRST_BOOT/standalone/run_20260926_174212/SHA256SUMS.txt","evidence/candidate15/standalone/run_20260926_174212/SHA256SUMS.txt","504","380491E49372970380A73E241C9EEDFDDDD91666C51ACE2D400F6829A0D7A4F2"
"C15","work/reports/20260926_CANDIDATE15_FIRST_BOOT/standalone/run_20260926_174212/pstore/console-ramoops-0","evidence/candidate15/standalone/run_20260926_174212/pstore/console-ramoops-0","713658","930C12F18D8CC0C25CBBCBD137CFE5A783301A4F2B70727E96FDC362E454A761"
"C15","work/reports/20260926_CANDIDATE15_FIRST_BOOT/standalone/run_20260926_174212/pstore/pmsg-ramoops-0","evidence/candidate15/standalone/run_20260926_174212/pstore/pmsg-ramoops-0","480095","E9CC6087ADB8BB688FBCC8F77D40633F3212758E0255D9D2D15A171311071341"
"C15","work/reports/20260925_CANDIDATE13_STORAGE_SAFETY_AND_FIRST_FAILURE/observations/run_20260926_173743/host_events.jsonl","evidence/candidate15/host-observations/run_20260926_173743/host_events.jsonl","963","D974556012F718F8337DAC3B56FF6EF83FC40F7F79AC4EAB93CF874BAD5B73EF"
"C15","work/reports/20260925_CANDIDATE13_STORAGE_SAFETY_AND_FIRST_FAILURE/observations/run_20260926_173743/host_fastboot_commands.csv","evidence/candidate15/host-observations/run_20260926_173743/host_fastboot_commands.csv","373","0504928973DD31F51CED676BC82E8B35902CB813100194DB6238F47089D47711"
"C15","work/reports/20260925_CANDIDATE13_STORAGE_SAFETY_AND_FIRST_FAILURE/observations/run_20260926_173743/logcat_all_monotonic.txt","evidence/candidate15/host-observations/run_20260926_173743/logcat_all_monotonic.txt","0","E3B0C44298FC1C149AFBF4C8996FB92427AE41E4649B934CA495991B7852B855"
"C15","work/reports/20260925_CANDIDATE13_STORAGE_SAFETY_AND_FIRST_FAILURE/observations/run_20260926_173743/logcat_client_stderr.txt","evidence/candidate15/host-observations/run_20260926_173743/logcat_client_stderr.txt","0","E3B0C44298FC1C149AFBF4C8996FB92427AE41E4649B934CA495991B7852B855"
"C15","work/reports/20260925_CANDIDATE13_STORAGE_SAFETY_AND_FIRST_FAILURE/observations/run_20260926_173743/observer_armed.json","evidence/candidate15/host-observations/run_20260926_173743/observer_armed.json","344","B2962FF2FFCCE261ED0CCD43767D1179F601A787E8CC8FE57C8CCD5FA802BEE2"
"C15","work/reports/20260925_CANDIDATE13_STORAGE_SAFETY_AND_FIRST_FAILURE/observations/run_20260926_173743/operator_actions.csv","evidence/candidate15/host-observations/run_20260926_173743/operator_actions.csv","176","E1C848B1BE0A873529EA02FC95A1FC66D44BF5C9930D5421A5678119311E3727"
"C15","work/reports/20260925_CANDIDATE13_STORAGE_SAFETY_AND_FIRST_FAILURE/observations/run_20260926_173743/run_metadata.json","evidence/candidate15/host-observations/run_20260926_173743/run_metadata.json","341","2E894CED2AD4C7C74F116A7594E573F985552F39B5E0609EADC1D22D5D8A8F4F"
"C15","work/reports/20260925_CANDIDATE13_STORAGE_SAFETY_AND_FIRST_FAILURE/observations/run_20260926_173743/usb_adb_fastboot_timeline.csv","evidence/candidate15/host-observations/run_20260926_173743/usb_adb_fastboot_timeline.csv","29815","829D86154A4CE51292EE42784821ED34C1BC4E260B43575FCE8FC72FA49F7139"
"C16","work/reports/20260926_CANDIDATE16_FIRST_BOOT/standalone/run_20260926_191835/EXPORT_SOURCE.txt","evidence/candidate16/standalone/run_20260926_191835/EXPORT_SOURCE.txt","282","BDA55FD161B05263307DC7D1805C70E2BA8D3C881E3FC7C1313EDEEC54FBAADA"
"C16","work/reports/20260926_CANDIDATE16_FIRST_BOOT/standalone/run_20260926_191835/FILE_MANIFEST.csv","evidence/candidate16/standalone/run_20260926_191835/FILE_MANIFEST.csv","881","E2A7AC2EBFA025BEB1ED0801A93B1F340371476070BD037D02D013B5F12ABB31"
"C16","work/reports/20260926_CANDIDATE16_FIRST_BOOT/standalone/run_20260926_191835/HOST_REVERIFICATION.txt","evidence/candidate16/standalone/run_20260926_191835/HOST_REVERIFICATION.txt","311","FC130598864AFF6A2D2DC6E16A51A5426CD88E90D9C14D204F01C64766B9EE33"
"C16","work/reports/20260926_CANDIDATE16_FIRST_BOOT/standalone/run_20260926_191835/host_salvage_timeline.csv","evidence/candidate16/standalone/run_20260926_191835/host_salvage_timeline.csv","1360","DEEE6ECD51911659A3BE65A845DD58F94ACDADDC31F9873AA63712473F7C9D5E"
"C16","work/reports/20260926_CANDIDATE16_FIRST_BOOT/standalone/run_20260926_191835/SHA256SUMS.txt","evidence/candidate16/standalone/run_20260926_191835/SHA256SUMS.txt","809","538EA82E3647B312B63FA920ECBEE8F552E1A392EDD9795C8E2D6F5970F0500E"
"C16","work/reports/20260926_CANDIDATE16_FIRST_BOOT/standalone/run_20260926_191835/THYME_DIAG/diag_status.log","evidence/candidate16/standalone/run_20260926_191835/THYME_DIAG/diag_status.log","3159","A6ABF61633DD12ABA52CE167294B22B6951E81A1160171B468E9B656FF8C3B1E"
"C16","work/reports/20260926_CANDIDATE16_FIRST_BOOT/standalone/run_20260926_191835/THYME_DIAG/dmesg_diag_boot.txt","evidence/candidate16/standalone/run_20260926_191835/THYME_DIAG/dmesg_diag_boot.txt","154753","6D5562BA9622A57D00D0C2529F42753B2E63FC253F9C33545F54659814D4373A"
"C16","work/reports/20260926_CANDIDATE16_FIRST_BOOT/standalone/run_20260926_191835/THYME_DIAG/oops.raw","evidence/candidate16/standalone/run_20260926_191835/THYME_DIAG/oops.raw","16777216","7D1E254BBEB4803D79FDF96F673EF4DC9C7D0EAE68DF3019C2384B3439E4BB66"
"C16","work/reports/20260926_CANDIDATE16_FIRST_BOOT/standalone/run_20260926_191835/THYME_DIAG/oops.raw.sha256","evidence/candidate16/standalone/run_20260926_191835/THYME_DIAG/oops.raw.sha256","86","779E0F1C118D31979D1876063D30887E73EAE9590E12202C845011203AFCB91A"
"C16","work/reports/20260926_CANDIDATE16_FIRST_BOOT/standalone/run_20260926_191835/THYME_DIAG/pstore/console-ramoops-0","evidence/candidate16/standalone/run_20260926_191835/THYME_DIAG/pstore/console-ramoops-0","758245","6CE3EC3DDD75C6A08BED77BB781FF0760FA67F5AB3C1EFA772AE157B90A83448"
"C16","work/reports/20260926_CANDIDATE16_FIRST_BOOT/standalone/run_20260926_191835/THYME_DIAG/pstore/pmsg-ramoops-0","evidence/candidate16/standalone/run_20260926_191835/THYME_DIAG/pstore/pmsg-ramoops-0","556811","FD5D019A8AB1E12CE158F186FF7C560205C95C40B5A7EE7F503F6F4B6E220176"
"C16","work/reports/20260926_CANDIDATE16_FIRST_BOOT/standalone/run_20260926_191835/THYME_DIAG/System Volume Information/IndexerVolumeGuid","evidence/candidate16/standalone/run_20260926_191835/THYME_DIAG/System Volume Information/IndexerVolumeGuid","76","1037F1AE9BA8DCC02F2F1B295373E1E74F0560E72B8B830B94D02D1B8B880F91"
"C16","work/reports/20260926_CANDIDATE16_FIRST_BOOT/standalone/run_20260926_191835/THYME_DIAG/System Volume Information/WPSettings.dat","evidence/candidate16/standalone/run_20260926_191835/THYME_DIAG/System Volume Information/WPSettings.dat","12","B9AB9BAE6241AD861768573B0C2C3259D2C05B4ED659DD4C01FA67E6072DAE7E"
"C16","work/reports/20260926_CANDIDATE16_FIRST_BOOT/observations/run_20260926_191130/host_events.jsonl","evidence/candidate16/host-observations/run_20260926_191130/host_events.jsonl","964","01158AF566EAFD88E837EA1C990F037CCAEEDA648E07DCE7A39CC8A14C5495F8"
"C16","work/reports/20260926_CANDIDATE16_FIRST_BOOT/observations/run_20260926_191130/host_fastboot_commands.csv","evidence/candidate16/host-observations/run_20260926_191130/host_fastboot_commands.csv","382","BE290BF72774A7DBED1E36137AD2AD1C1F40FD386116928FDFBC631C8C03C6DF"
"C16","work/reports/20260926_CANDIDATE16_FIRST_BOOT/observations/run_20260926_191130/logcat_all_monotonic.txt","evidence/candidate16/host-observations/run_20260926_191130/logcat_all_monotonic.txt","0","E3B0C44298FC1C149AFBF4C8996FB92427AE41E4649B934CA495991B7852B855"
"C16","work/reports/20260926_CANDIDATE16_FIRST_BOOT/observations/run_20260926_191130/logcat_client_stderr.txt","evidence/candidate16/host-observations/run_20260926_191130/logcat_client_stderr.txt","0","E3B0C44298FC1C149AFBF4C8996FB92427AE41E4649B934CA495991B7852B855"
"C16","work/reports/20260926_CANDIDATE16_FIRST_BOOT/observations/run_20260926_191130/observer_armed.json","evidence/candidate16/host-observations/run_20260926_191130/observer_armed.json","289","4B152F8EC03EC939984F690D2818827058BF2E244AD0D6BB4C1EC7A08FC48319"
"C16","work/reports/20260926_CANDIDATE16_FIRST_BOOT/observations/run_20260926_191130/operator_actions.csv","evidence/candidate16/host-observations/run_20260926_191130/operator_actions.csv","162","9125D08E6145DE391B6E60416533E94A6B3BE1EDB2515F66DA6AD5B5637B3372"
"C16","work/reports/20260926_CANDIDATE16_FIRST_BOOT/observations/run_20260926_191130/run_metadata.json","evidence/candidate16/host-observations/run_20260926_191130/run_metadata.json","285","6C8E42DB72B87A3BDE998B17BDFA11D139F45E9A6ECED21C6DC975D973635B48"
"C16","work/reports/20260926_CANDIDATE16_FIRST_BOOT/observations/run_20260926_191130/usb_adb_fastboot_timeline.csv","evidence/candidate16/host-observations/run_20260926_191130/usb_adb_fastboot_timeline.csv","32543","FAF4ACD064B34BA811F30285C69C1521A704BFB3077BC5B3493989031AD7575D"
"C17","work/reports/20260926_CANDIDATE17_FIRST_BOOT/standalone/run_20260926_194616/EXPORT_SOURCE.txt","evidence/candidate17/standalone/first_boot/run_20260926_194616/EXPORT_SOURCE.txt","282","C5FAD1BFEFD9114303828D4B93E039F48D1E8E211E02F353098C1488E9F81E31"
"C17","work/reports/20260926_CANDIDATE17_FIRST_BOOT/standalone/run_20260926_194616/FILE_MANIFEST.csv","evidence/candidate17/standalone/first_boot/run_20260926_194616/FILE_MANIFEST.csv","775","019C9502161ED7BB26E4E0B3B62439A68A5B1A0F1C3E5C77A02EC54B65CA507D"
"C17","work/reports/20260926_CANDIDATE17_FIRST_BOOT/standalone/run_20260926_194616/host_salvage_timeline.csv","evidence/candidate17/standalone/first_boot/run_20260926_194616/host_salvage_timeline.csv","1333","24541F5595CAABC94EEECE2E7D01A72522B63D1B9B10B7E40CD23454BD1ABA4E"
"C17","work/reports/20260926_CANDIDATE17_FIRST_BOOT/standalone/run_20260926_194616/SHA256SUMS.txt","evidence/candidate17/standalone/first_boot/run_20260926_194616/SHA256SUMS.txt","710","57B0ACB7F421C5DD9FA570E1D8D46B64D9EE19B3784355DBFCABE63BADB0C581"
"C17","work/reports/20260926_CANDIDATE17_FIRST_BOOT/standalone/run_20260926_194616/THYME_DIAG/diag_status.log","evidence/candidate17/standalone/first_boot/run_20260926_194616/THYME_DIAG/diag_status.log","2987","AE3DCB75F46099B9150CC35A2FA43AF8D747D927D6042D92061FA296A0172BDE"
"C17","work/reports/20260926_CANDIDATE17_FIRST_BOOT/standalone/run_20260926_194616/THYME_DIAG/dmesg_diag_boot.txt","evidence/candidate17/standalone/first_boot/run_20260926_194616/THYME_DIAG/dmesg_diag_boot.txt","155125","9667AE85681A6AB3282C40C870238C155342AC90570FBB16868FDB6B7E18F15D"
"C17","work/reports/20260926_CANDIDATE17_FIRST_BOOT/standalone/run_20260926_194616/THYME_DIAG/oops.raw","evidence/candidate17/standalone/first_boot/run_20260926_194616/THYME_DIAG/oops.raw","16777216","7D1E254BBEB4803D79FDF96F673EF4DC9C7D0EAE68DF3019C2384B3439E4BB66"
"C17","work/reports/20260926_CANDIDATE17_FIRST_BOOT/standalone/run_20260926_194616/THYME_DIAG/oops.raw.sha256","evidence/candidate17/standalone/first_boot/run_20260926_194616/THYME_DIAG/oops.raw.sha256","86","779E0F1C118D31979D1876063D30887E73EAE9590E12202C845011203AFCB91A"
"C17","work/reports/20260926_CANDIDATE17_FIRST_BOOT/standalone/run_20260926_194616/THYME_DIAG/pstore/console-ramoops-0","evidence/candidate17/standalone/first_boot/run_20260926_194616/THYME_DIAG/pstore/console-ramoops-0","165019","93E00AB86DC9910A6CEF490BAE367BBAD5D7715D6F4FAA6DE5B89BC0A414AE8D"
"C17","work/reports/20260926_CANDIDATE17_FIRST_BOOT/standalone/run_20260926_194616/THYME_DIAG/System Volume Information/IndexerVolumeGuid","evidence/candidate17/standalone/first_boot/run_20260926_194616/THYME_DIAG/System Volume Information/IndexerVolumeGuid","76","11171C67FD3FCE33247FDD794A09FAD9E95FBD66E50B851A33D339B84E107603"
"C17","work/reports/20260926_CANDIDATE17_FIRST_BOOT/standalone/run_20260926_194616/THYME_DIAG/System Volume Information/WPSettings.dat","evidence/candidate17/standalone/first_boot/run_20260926_194616/THYME_DIAG/System Volume Information/WPSettings.dat","12","FC167871F337228E01CE4444B08945EB2C8564466ECFE150E693D54C6763D38D"
"C17","work/reports/20260926_CANDIDATE17_RETEST/standalone/run_20260926_203340/EXPORT_SOURCE.txt","evidence/candidate17/standalone/retest/run_20260926_203340/EXPORT_SOURCE.txt","296","9F59230839FC2BE1A01D366C756F670B1F37FD52E68D3E90E819CCA5A81D3A9B"
"C17","work/reports/20260926_CANDIDATE17_RETEST/standalone/run_20260926_203340/FILE_MANIFEST.csv","evidence/candidate17/standalone/retest/run_20260926_203340/FILE_MANIFEST.csv","757","04F8710B8B4A3230876E0D0080D969D6A62F8EA1D47533F1BB45F889C845C84E"
"C17","work/reports/20260926_CANDIDATE17_RETEST/standalone/run_20260926_203340/host_salvage_timeline.csv","evidence/candidate17/standalone/retest/run_20260926_203340/host_salvage_timeline.csv","1311","3D7D2D2E36B24A1BF78425E1393C733E73F4D4F61FC7E83B06254B8093719D6D"
"C17","work/reports/20260926_CANDIDATE17_RETEST/standalone/run_20260926_203340/SHA256SUMS.txt","evidence/candidate17/standalone/retest/run_20260926_203340/SHA256SUMS.txt","688","8D21C5D75AFF59BC3D23C93155E648C8419AE3894E64C03D0DDA1B59EE3E797C"
"C17","work/reports/20260926_CANDIDATE17_RETEST/standalone/run_20260926_203340/THYME_DIAG/diag_status.log","evidence/candidate17/standalone/retest/run_20260926_203340/THYME_DIAG/diag_status.log","3159","4D14964D0354F2636B8A587B368F79521CEBD2788C29A705680BFD7538E1F591"
"C17","work/reports/20260926_CANDIDATE17_RETEST/standalone/run_20260926_203340/THYME_DIAG/dmesg_diag_boot.txt","evidence/candidate17/standalone/retest/run_20260926_203340/THYME_DIAG/dmesg_diag_boot.txt","154716","4F79D23AA423B6EB0107DB304600AF8CC88107B8D6206804F6B0ED161573409B"
"C17","work/reports/20260926_CANDIDATE17_RETEST/standalone/run_20260926_203340/THYME_DIAG/oops.raw","evidence/candidate17/standalone/retest/run_20260926_203340/THYME_DIAG/oops.raw","16777216","7D1E254BBEB4803D79FDF96F673EF4DC9C7D0EAE68DF3019C2384B3439E4BB66"
"C17","work/reports/20260926_CANDIDATE17_RETEST/standalone/run_20260926_203340/THYME_DIAG/oops.raw.sha256","evidence/candidate17/standalone/retest/run_20260926_203340/THYME_DIAG/oops.raw.sha256","86","779E0F1C118D31979D1876063D30887E73EAE9590E12202C845011203AFCB91A"
"C17","work/reports/20260926_CANDIDATE17_RETEST/standalone/run_20260926_203340/THYME_DIAG/pstore/console-ramoops-0","evidence/candidate17/standalone/retest/run_20260926_203340/THYME_DIAG/pstore/console-ramoops-0","652006","31D9AC57CB669B8B0DEFEB7A82B9700D4BD2E539BAB415433A5E667DD7C2073E"
"C17","work/reports/20260926_CANDIDATE17_RETEST/standalone/run_20260926_203340/THYME_DIAG/pstore/pmsg-ramoops-0","evidence/candidate17/standalone/retest/run_20260926_203340/THYME_DIAG/pstore/pmsg-ramoops-0","438731","717C2AD1A70DAD5381EA8D4A6C00D962E08B154CB3416F89041CBABAC59BC152"
"C17","work/reports/20260926_CANDIDATE17_RETEST/standalone/run_20260926_203340/THYME_DIAG/System Volume Information/WPSettings.dat","evidence/candidate17/standalone/retest/run_20260926_203340/THYME_DIAG/System Volume Information/WPSettings.dat","12","B6F805CD401C3A0931FB98ACB8589E35B34F19DBC0777CF985300A9ECFEBD7F7"
"C17","work/reports/20260925_CANDIDATE13_STORAGE_SAFETY_AND_FIRST_FAILURE/observations/C17_revalidation/run_20260926_202822/host_events.jsonl","evidence/candidate17/host-observations/run_20260926_202822/host_events.jsonl","2201","D02F8B2581C986110678DE2AAC0C144B64128D833DDEA87CB061A16771C610CD"
"C17","work/reports/20260925_CANDIDATE13_STORAGE_SAFETY_AND_FIRST_FAILURE/observations/C17_revalidation/run_20260926_202822/host_fastboot_commands.csv","evidence/candidate17/host-observations/run_20260926_202822/host_fastboot_commands.csv","372","B73B3F28512C7BB9965152E9BE6F0D1753FB8EC4E6B9C7675A81B057C4A039DF"
"C17","work/reports/20260925_CANDIDATE13_STORAGE_SAFETY_AND_FIRST_FAILURE/observations/C17_revalidation/run_20260926_202822/logcat_all_monotonic.txt","evidence/candidate17/host-observations/run_20260926_202822/logcat_all_monotonic.txt","0","E3B0C44298FC1C149AFBF4C8996FB92427AE41E4649B934CA495991B7852B855"
"C17","work/reports/20260925_CANDIDATE13_STORAGE_SAFETY_AND_FIRST_FAILURE/observations/C17_revalidation/run_20260926_202822/logcat_client_stderr.txt","evidence/candidate17/host-observations/run_20260926_202822/logcat_client_stderr.txt","0","E3B0C44298FC1C149AFBF4C8996FB92427AE41E4649B934CA495991B7852B855"
"C17","work/reports/20260925_CANDIDATE13_STORAGE_SAFETY_AND_FIRST_FAILURE/observations/C17_revalidation/run_20260926_202822/observer_armed.json","evidence/candidate17/host-observations/run_20260926_202822/observer_armed.json","591","E4530EC2561E45C304D976E7A525DCAF4A52AF4F007071613E678F7252B11FDF"
"C17","work/reports/20260925_CANDIDATE13_STORAGE_SAFETY_AND_FIRST_FAILURE/observations/C17_revalidation/run_20260926_202822/operator_actions.csv","evidence/candidate17/host-observations/run_20260926_202822/operator_actions.csv","162","4D68A3180D5CBDFF75B211A29350A50F15E678395687CE2B385C907F4617B7FD"
"C17","work/reports/20260925_CANDIDATE13_STORAGE_SAFETY_AND_FIRST_FAILURE/observations/C17_revalidation/run_20260926_202822/run_metadata.json","evidence/candidate17/host-observations/run_20260926_202822/run_metadata.json","332","DC7F9DF309D3D49CDAA09BF3DD96AC23057A4132019B400118D1B9A524FF56BB"
"C17","work/reports/20260925_CANDIDATE13_STORAGE_SAFETY_AND_FIRST_FAILURE/observations/C17_revalidation/run_20260926_202822/usb_adb_fastboot_timeline.csv","evidence/candidate17/host-observations/run_20260926_202822/usb_adb_fastboot_timeline.csv","72437","38D711C17A8E08EB3F411139E67AE6CEBA2AFE61340A6F3F340ADDA86BE93391"
"C18","work/reports/20260926_C18_NATIVE_ADRENO/standalone/run_20260926_215725/host_salvage_timeline.csv","evidence/candidate18/standalone/failed_attempt_215725/host_salvage_timeline.csv","913","65A31E313D1CFA2295F30926EFFC835837BE0086CC474FFC53A53E3D20480D53"
"C18","work/reports/20260926_C18_NATIVE_ADRENO/standalone/run_20260926_220042/host_salvage_timeline.csv","evidence/candidate18/standalone/failed_attempt_220042/host_salvage_timeline.csv","913","1DA2CBCCE7D43B54BF8D9F6552AD2B7BBDA273D26C8BCC47E73534D70E1265B8"
"C18","work/reports/20260926_C18_NATIVE_ADRENO/standalone/run_20260926_221653/EXPORT_SOURCE.txt","evidence/candidate18/standalone/run_20260926_221653/EXPORT_SOURCE.txt","342","1B356FAEA90FA45358DD4138D1E82868153446C48F349E71196B506D1D4B1E70"
"C18","work/reports/20260926_C18_NATIVE_ADRENO/standalone/run_20260926_221653/FILE_MANIFEST.csv","evidence/candidate18/standalone/run_20260926_221653/FILE_MANIFEST.csv","666","C2B164335B563855D8556F1945094271CC6F0B46269ABBBF43584CC47594EBBE"
"C18","work/reports/20260926_C18_NATIVE_ADRENO/standalone/run_20260926_221653/host_salvage_timeline.csv","evidence/candidate18/standalone/run_20260926_221653/host_salvage_timeline.csv","1303","D980BB9C56A7D37E0F305260C6CF74013636C4D5C783C32FD2340B1761828F6E"
"C18","work/reports/20260926_C18_NATIVE_ADRENO/standalone/run_20260926_221653/SHA256SUMS.txt","evidence/candidate18/standalone/run_20260926_221653/SHA256SUMS.txt","608","32D9B780093D40E917881EFF23E97C8A2FCA64ABED4BAF83A765DC6DE86EDA76"
"C18","work/reports/20260926_C18_NATIVE_ADRENO/standalone/run_20260926_221653/THYME_DIAG/diag_status.log","evidence/candidate18/standalone/run_20260926_221653/THYME_DIAG/diag_status.log","2940","0D3C6EE0CE3666E2915ED73ED8A58E7251C3BC1101D8B87AA07116D282EC57FD"
"C18","work/reports/20260926_C18_NATIVE_ADRENO/standalone/run_20260926_221653/THYME_DIAG/dmesg_diag_boot.txt","evidence/candidate18/standalone/run_20260926_221653/THYME_DIAG/dmesg_diag_boot.txt","154609","C8A01FF36EEE4ED6AACC71E8DDEFAF3BA970AA475432C539A80B8C9EAB66286B"
"C18","work/reports/20260926_C18_NATIVE_ADRENO/standalone/run_20260926_221653/THYME_DIAG/oops.raw","evidence/candidate18/standalone/run_20260926_221653/THYME_DIAG/oops.raw","16777216","7D1E254BBEB4803D79FDF96F673EF4DC9C7D0EAE68DF3019C2384B3439E4BB66"
"C18","work/reports/20260926_C18_NATIVE_ADRENO/standalone/run_20260926_221653/THYME_DIAG/oops.raw.sha256","evidence/candidate18/standalone/run_20260926_221653/THYME_DIAG/oops.raw.sha256","86","779E0F1C118D31979D1876063D30887E73EAE9590E12202C845011203AFCB91A"
"C18","work/reports/20260926_C18_NATIVE_ADRENO/standalone/run_20260926_221653/THYME_DIAG/System Volume Information/IndexerVolumeGuid","evidence/candidate18/standalone/run_20260926_221653/THYME_DIAG/System Volume Information/IndexerVolumeGuid","76","DAC76D42B46AEB5064CF927E786C17DB51779828D83E967926344D41FBF10C00"
"C18","work/reports/20260926_C18_NATIVE_ADRENO/standalone/run_20260926_221653/THYME_DIAG/System Volume Information/WPSettings.dat","evidence/candidate18/standalone/run_20260926_221653/THYME_DIAG/System Volume Information/WPSettings.dat","12","B409D63FED8132EB837E9884F393705266B1FEE9B9530DADB21D65A826B5C907"
"C18","work/reports/20260926_CANDIDATE18_NATIVE_ADRENO/observations/run_20260926_215459/host_events.jsonl","evidence/candidate18/host-observations/run_20260926_215459/host_events.jsonl","2309","3B40E1B92C9A4DFF7D67A67B3FD763BB2BF3D799E07BD90C83EE2FB442B0042A"
"C18","work/reports/20260926_CANDIDATE18_NATIVE_ADRENO/observations/run_20260926_215459/logcat_all_monotonic.txt","evidence/candidate18/host-observations/run_20260926_215459/logcat_all_monotonic.txt","0","E3B0C44298FC1C149AFBF4C8996FB92427AE41E4649B934CA495991B7852B855"
"C18","work/reports/20260926_CANDIDATE18_NATIVE_ADRENO/observations/run_20260926_215459/logcat_client_stderr.txt","evidence/candidate18/host-observations/run_20260926_215459/logcat_client_stderr.txt","0","E3B0C44298FC1C149AFBF4C8996FB92427AE41E4649B934CA495991B7852B855"
"C18","work/reports/20260926_CANDIDATE18_NATIVE_ADRENO/observations/run_20260926_215459/observer_armed.json","evidence/candidate18/host-observations/run_20260926_215459/observer_armed.json","561","46E195583BBC06A8FA9994AF4917F0B724A02EB7AF037EBD722D132B5F63DAD2"
"C18","work/reports/20260926_CANDIDATE18_NATIVE_ADRENO/observations/run_20260926_215459/run_metadata.json","evidence/candidate18/host-observations/run_20260926_215459/run_metadata.json","303","D79EEA115790E734608280AD538E8EA030DE8F49A39AB64E7A1EA7D472042BF4"
"C18","work/reports/20260926_CANDIDATE18_NATIVE_ADRENO/observations/run_20260926_215459/usb_adb_fastboot_timeline.csv","evidence/candidate18/host-observations/run_20260926_215459/usb_adb_fastboot_timeline.csv","42337","079912690172ED11393323C418DA9FED7BB13FC33459CCA406DD09A870A3107B"
"C18","work/reports/20260926_C18_NATIVE_ADRENO/standalone/run_20260926_234120/EXPORT_SOURCE.txt","evidence/candidate18/standalone/retest_run_20260926_234120/EXPORT_SOURCE.txt","310","F59FCC0E5C6F4E89589477289958C2F69D915293E1BD929A6AF87A8D62EF375C"
"C18","work/reports/20260926_C18_NATIVE_ADRENO/standalone/run_20260926_234120/FILE_MANIFEST.csv","evidence/candidate18/standalone/retest_run_20260926_234120/FILE_MANIFEST.csv","883","634ED0287A5A26BF2A51704990E405F7BFFC08A949314ACEC7AF1A0B31BB975F"
"C18","work/reports/20260926_C18_NATIVE_ADRENO/standalone/run_20260926_234120/host_salvage_timeline.csv","evidence/candidate18/standalone/retest_run_20260926_234120/host_salvage_timeline.csv","1360","98BEBFA0610C6F04128C1E16A88709B297DD3B80B6E6A13E1B6CF1DDC06D0147"
"C18","work/reports/20260926_C18_NATIVE_ADRENO/standalone/run_20260926_234120/SHA256SUMS.txt","evidence/candidate18/standalone/retest_run_20260926_234120/SHA256SUMS.txt","809","4B6E753E9D2F96E57ABECFBDD1F6090648322E3CBB82345ADAEFA1C95F17D131"
"C18","work/reports/20260926_C18_NATIVE_ADRENO/standalone/run_20260926_234120/THYME_DIAG/diag_status.log","evidence/candidate18/standalone/retest_run_20260926_234120/THYME_DIAG/diag_status.log","3159","36B9D13F9E2275A812DC554EA3B749EBF614023C8B639DD16AC266ADB7A28F87"
"C18","work/reports/20260926_C18_NATIVE_ADRENO/standalone/run_20260926_234120/THYME_DIAG/dmesg_diag_boot.txt","evidence/candidate18/standalone/retest_run_20260926_234120/THYME_DIAG/dmesg_diag_boot.txt","154621","C7D7F60ECC2413B201BF7D324E13219766544DE596FBCC20DA4F392B93D48503"
"C18","work/reports/20260926_C18_NATIVE_ADRENO/standalone/run_20260926_234120/THYME_DIAG/oops.raw","evidence/candidate18/standalone/retest_run_20260926_234120/THYME_DIAG/oops.raw","16777216","7D1E254BBEB4803D79FDF96F673EF4DC9C7D0EAE68DF3019C2384B3439E4BB66"
"C18","work/reports/20260926_C18_NATIVE_ADRENO/standalone/run_20260926_234120/THYME_DIAG/oops.raw.sha256","evidence/candidate18/standalone/retest_run_20260926_234120/THYME_DIAG/oops.raw.sha256","86","779E0F1C118D31979D1876063D30887E73EAE9590E12202C845011203AFCB91A"
"C18","work/reports/20260926_C18_NATIVE_ADRENO/standalone/run_20260926_234120/THYME_DIAG/pstore/console-ramoops-0","evidence/candidate18/standalone/retest_run_20260926_234120/THYME_DIAG/pstore/console-ramoops-0","1313387","CA9ECEB4868B681F9E4EAC9F2E5E6CF80C0063BEEB16B7BC707AD698E0EFE4A2"
"C18","work/reports/20260926_C18_NATIVE_ADRENO/standalone/run_20260926_234120/THYME_DIAG/pstore/pmsg-ramoops-0","evidence/candidate18/standalone/retest_run_20260926_234120/THYME_DIAG/pstore/pmsg-ramoops-0","1056813","74277095DB9552388A7A45A53E69DA5B3E59FFFD5CD8C3DAA3ED54AFF34005CE"
"C18","work/reports/20260926_C18_NATIVE_ADRENO/standalone/run_20260926_234120/THYME_DIAG/System Volume Information/IndexerVolumeGuid","evidence/candidate18/standalone/retest_run_20260926_234120/THYME_DIAG/System Volume Information/IndexerVolumeGuid","76","EF854D44F43468DC327BDA316E6750B8DF287840A91A43BF9D9C97D93EDA0EFB"
"C18","work/reports/20260926_C18_NATIVE_ADRENO/standalone/run_20260926_234120/THYME_DIAG/System Volume Information/WPSettings.dat","evidence/candidate18/standalone/retest_run_20260926_234120/THYME_DIAG/System Volume Information/WPSettings.dat","12","DEF27B0F049A52E024B5AAA6720EA7CE61154353CA6D676545D08FED05C791D6"
"C18","work/reports/20260926_CANDIDATE18_NATIVE_ADRENO/observations/c18_retest_20260926_231128/run_20260926_233356/fastboot_postboot_state.txt","evidence/candidate18/host-observations/retest_run_20260926_233356/fastboot_postboot_state.txt","1085","38389F5B39B3F18436AC01E8A8B7C76D3482C28518A0B20ED3072249AD90DB35"
"C18","work/reports/20260926_CANDIDATE18_NATIVE_ADRENO/observations/c18_retest_20260926_231128/run_20260926_233356/fastboot_preboot_state.txt","evidence/candidate18/host-observations/retest_run_20260926_233356/fastboot_preboot_state.txt","1444","A222BD0C062839C667408E5FA47C628B2DDD48630383A30564E61810B1C76E73"
"C18","work/reports/20260926_CANDIDATE18_NATIVE_ADRENO/observations/c18_retest_20260926_231128/run_20260926_233356/host_events.jsonl","evidence/candidate18/host-observations/retest_run_20260926_233356/host_events.jsonl","2612","8966FF066FD7840773D629FE52AFEA85E46B73B37FB75A8C966279D6E81E7CDD"
"C18","work/reports/20260926_CANDIDATE18_NATIVE_ADRENO/observations/c18_retest_20260926_231128/run_20260926_233356/logcat_all_monotonic.txt","evidence/candidate18/host-observations/retest_run_20260926_233356/logcat_all_monotonic.txt","0","E3B0C44298FC1C149AFBF4C8996FB92427AE41E4649B934CA495991B7852B855"
"C18","work/reports/20260926_CANDIDATE18_NATIVE_ADRENO/observations/c18_retest_20260926_231128/run_20260926_233356/logcat_client_stderr.txt","evidence/candidate18/host-observations/retest_run_20260926_233356/logcat_client_stderr.txt","0","E3B0C44298FC1C149AFBF4C8996FB92427AE41E4649B934CA495991B7852B855"
"C18","work/reports/20260926_CANDIDATE18_NATIVE_ADRENO/observations/c18_retest_20260926_231128/run_20260926_233356/observer_armed.json","evidence/candidate18/host-observations/retest_run_20260926_233356/observer_armed.json","589","27A9F674F13C3F2D81E58A71FB9C69C0F0C348D42BEA0E3FD1D6C4E7DD5AF1C1"
"C18","work/reports/20260926_CANDIDATE18_NATIVE_ADRENO/observations/c18_retest_20260926_231128/run_20260926_233356/run_metadata.json","evidence/candidate18/host-observations/retest_run_20260926_233356/run_metadata.json","330","DB60BBA101F02889BE0797FF160315D6F3817BC045A85D37129DFD91965C9389"
"C18","work/reports/20260926_CANDIDATE18_NATIVE_ADRENO/observations/c18_retest_20260926_231128/run_20260926_233356/usb_adb_fastboot_timeline.csv","evidence/candidate18/host-observations/retest_run_20260926_233356/usb_adb_fastboot_timeline.csv","78153","EFAA273CAC12FDB8C65A867DAE4C2C932725DE6960F554FF480D3211193BEBC2"
"C19","work/reports/20260927_CANDIDATE19_RGBX_EGL/standalone/run_20260927_003826/EXPORT_SOURCE.txt","evidence/candidate19/standalone/run_20260927_003826/EXPORT_SOURCE.txt","306","6FDCBEBC6CB4B13D165BE4EA68FAFEA35736ABE148AC0E0169199CCFA5386659"
"C19","work/reports/20260927_CANDIDATE19_RGBX_EGL/standalone/run_20260927_003826/FILE_MANIFEST.csv","evidence/candidate19/standalone/run_20260927_003826/FILE_MANIFEST.csv","881","AAFF840F18D2316AFC120DD8DCD8225D238FF72094AB8085C23D7809AFB44437"
"C19","work/reports/20260927_CANDIDATE19_RGBX_EGL/standalone/run_20260927_003826/host_salvage_timeline.csv","evidence/candidate19/standalone/run_20260927_003826/host_salvage_timeline.csv","1360","4D356633D04204B9F711062BD30CBFFD0FA00F213F05E5E1D6DFF2FA65188014"
"C19","work/reports/20260927_CANDIDATE19_RGBX_EGL/standalone/run_20260927_003826/SHA256SUMS.txt","evidence/candidate19/standalone/run_20260927_003826/SHA256SUMS.txt","809","7670247E6B818A354D09963E01BC01C345E57E3E1FFD2C7955AA8F9920121A0C"
"C19","work/reports/20260927_CANDIDATE19_RGBX_EGL/standalone/run_20260927_003826/THYME_DIAG/diag_status.log","evidence/candidate19/standalone/run_20260927_003826/THYME_DIAG/diag_status.log","3159","07C5AE0643C0998F849714C614095FE7B44FE1A147A6BBEE4E50C011BBB3136F"
"C19","work/reports/20260927_CANDIDATE19_RGBX_EGL/standalone/run_20260927_003826/THYME_DIAG/dmesg_diag_boot.txt","evidence/candidate19/standalone/run_20260927_003826/THYME_DIAG/dmesg_diag_boot.txt","155316","21C0747EF73E711320A3EC0C9F71CB96CE13F48895800EBC4567A870AC6BC826"
"C19","work/reports/20260927_CANDIDATE19_RGBX_EGL/standalone/run_20260927_003826/THYME_DIAG/oops.raw","evidence/candidate19/standalone/run_20260927_003826/THYME_DIAG/oops.raw","16777216","7D1E254BBEB4803D79FDF96F673EF4DC9C7D0EAE68DF3019C2384B3439E4BB66"
"C19","work/reports/20260927_CANDIDATE19_RGBX_EGL/standalone/run_20260927_003826/THYME_DIAG/oops.raw.sha256","evidence/candidate19/standalone/run_20260927_003826/THYME_DIAG/oops.raw.sha256","86","779E0F1C118D31979D1876063D30887E73EAE9590E12202C845011203AFCB91A"
"C19","work/reports/20260927_CANDIDATE19_RGBX_EGL/standalone/run_20260927_003826/THYME_DIAG/pstore/console-ramoops-0","evidence/candidate19/standalone/run_20260927_003826/THYME_DIAG/pstore/console-ramoops-0","976271","8EED5DE634AE75FBDDE632F2E61039769BBF76B19745609F2B4BB7B9E0980666"
"C19","work/reports/20260927_CANDIDATE19_RGBX_EGL/standalone/run_20260927_003826/THYME_DIAG/pstore/pmsg-ramoops-0","evidence/candidate19/standalone/run_20260927_003826/THYME_DIAG/pstore/pmsg-ramoops-0","758682","ACDD5DB289EE5D66CED38D0D3C6DBC740DC3849177882D35545ACB99D3F83C30"
"C19","work/reports/20260927_CANDIDATE19_RGBX_EGL/standalone/run_20260927_003826/THYME_DIAG/System Volume Information/IndexerVolumeGuid","evidence/candidate19/standalone/run_20260927_003826/THYME_DIAG/System Volume Information/IndexerVolumeGuid","76","5001959FB782CF2E1C18186BE03CA6B92CECDBD995FF0D8B3896468A030550DA"
"C19","work/reports/20260927_CANDIDATE19_RGBX_EGL/standalone/run_20260927_003826/THYME_DIAG/System Volume Information/WPSettings.dat","evidence/candidate19/standalone/run_20260927_003826/THYME_DIAG/System Volume Information/WPSettings.dat","12","756A96EE46EB2793F73796D5D898A74B197EF02F6CB8F05FB60557C30765161B"
"C19","work/reports/20260927_CANDIDATE19_RGBX_EGL/observations/run_20260927_003223/fastboot_preboot_state.txt","evidence/candidate19/host-observations/run_20260927_003223/fastboot_preboot_state.txt","1442","30C77DC1669A2940A184A031F9E3314204C4FFC60E0A23A9F1284B35E7E8C164"
"C19","work/reports/20260927_CANDIDATE19_RGBX_EGL/observations/run_20260927_003223/host_events.jsonl","evidence/candidate19/host-observations/run_20260927_003223/host_events.jsonl","2571","7557AC53EC369611BDB531687F7340056465A2C6E66687CB23B79FC7A33A8986"
"C19","work/reports/20260927_CANDIDATE19_RGBX_EGL/observations/run_20260927_003223/logcat_all_monotonic.txt","evidence/candidate19/host-observations/run_20260927_003223/logcat_all_monotonic.txt","0","E3B0C44298FC1C149AFBF4C8996FB92427AE41E4649B934CA495991B7852B855"
"C19","work/reports/20260927_CANDIDATE19_RGBX_EGL/observations/run_20260927_003223/logcat_client_stderr.txt","evidence/candidate19/host-observations/run_20260927_003223/logcat_client_stderr.txt","0","E3B0C44298FC1C149AFBF4C8996FB92427AE41E4649B934CA495991B7852B855"
"C19","work/reports/20260927_CANDIDATE19_RGBX_EGL/observations/run_20260927_003223/observer_armed.json","evidence/candidate19/host-observations/run_20260927_003223/observer_armed.json","554","4CA0CDB5B6E2C728D993C34E7D013217E4FBFF660767EEF98C1C06868A81DA2D"
"C19","work/reports/20260927_CANDIDATE19_RGBX_EGL/observations/run_20260927_003223/run_metadata.json","evidence/candidate19/host-observations/run_20260927_003223/run_metadata.json","295","E63F626E5746AD0246129425A9C6EBFEE379F41DE1EF6964290F64871738673A"
"C19","work/reports/20260927_CANDIDATE19_RGBX_EGL/observations/run_20260927_003223/usb_adb_fastboot_timeline.csv","evidence/candidate19/host-observations/run_20260927_003223/usb_adb_fastboot_timeline.csv","79614","E83B060507A1092053FC85AED5E8849A3A304F9ECCCAD1D3EE3FD6E8DFE3137B"
"C20","work/reports/20260927_CANDIDATE20_ANGLE_DIAG/observations/run_20260927_093948/fastboot_preboot_state.txt","evidence/candidate20/host-observations/run_20260927_093948/fastboot_preboot_state.txt","1447","9D03A03A8FF382B00E9067A1BF056DC401FA228E224E8A50A737940EECB36DDE"
"C20","work/reports/20260927_CANDIDATE20_ANGLE_DIAG/observations/run_20260927_093948/host_events.jsonl","evidence/candidate20/host-observations/run_20260927_093948/host_events.jsonl","2595","9C7481682D67F069EE6B39216792F14F327A6B52F18FFC69D21BD5B73B14BDE6"
"C20","work/reports/20260927_CANDIDATE20_ANGLE_DIAG/observations/run_20260927_093948/logcat_all_monotonic.txt","evidence/candidate20/host-observations/run_20260927_093948/logcat_all_monotonic.txt","0","E3B0C44298FC1C149AFBF4C8996FB92427AE41E4649B934CA495991B7852B855"
"C20","work/reports/20260927_CANDIDATE20_ANGLE_DIAG/observations/run_20260927_093948/logcat_client_stderr.txt","evidence/candidate20/host-observations/run_20260927_093948/logcat_client_stderr.txt","0","E3B0C44298FC1C149AFBF4C8996FB92427AE41E4649B934CA495991B7852B855"
"C20","work/reports/20260927_CANDIDATE20_ANGLE_DIAG/observations/run_20260927_093948/observer_armed.json","evidence/candidate20/host-observations/run_20260927_093948/observer_armed.json","561","7586138E127C89F3C182C63EACF4F91872ECEE20CA0E038F99CCF4F797E9A2A3"
"C20","work/reports/20260927_CANDIDATE20_ANGLE_DIAG/observations/run_20260927_093948/run_metadata.json","evidence/candidate20/host-observations/run_20260927_093948/run_metadata.json","302","2A6DD6845B6297BC00D059A53FDF6704BE3082339C160D5466B9E5B75A2F95EA"
"C20","work/reports/20260927_CANDIDATE20_ANGLE_DIAG/observations/run_20260927_093948/usb_adb_fastboot_timeline.csv","evidence/candidate20/host-observations/run_20260927_093948/usb_adb_fastboot_timeline.csv","66822","B9D8BBC40E88CDF228781D3CEA43626AD0EBAEFC604D13D7628959D5F7D734E8"
"C20","work/reports/20260927_CANDIDATE20_ANGLE_DIAG/standalone/run_20260927_094544/EXPORT_SOURCE.txt","evidence/candidate20/standalone/run_20260927_094544/EXPORT_SOURCE.txt","316","40603CD7D2F8874941FF141B5D8BC6BEAF294A8CA123487E8D663D64F777FB34"
"C20","work/reports/20260927_CANDIDATE20_ANGLE_DIAG/standalone/run_20260927_094544/FILE_MANIFEST.csv","evidence/candidate20/standalone/run_20260927_094544/FILE_MANIFEST.csv","882","211B41AE0C0F9EADA6508856D8378D20F5428DD008BD32C83FF52791EF40B3B5"
"C20","work/reports/20260927_CANDIDATE20_ANGLE_DIAG/standalone/run_20260927_094544/host_salvage_timeline.csv","evidence/candidate20/standalone/run_20260927_094544/host_salvage_timeline.csv","1360","4B5C4127880B7511460127846B20D22A422046D545BCA6A06C27F91420BEEA90"
"C20","work/reports/20260927_CANDIDATE20_ANGLE_DIAG/standalone/run_20260927_094544/SHA256SUMS.txt","evidence/candidate20/standalone/run_20260927_094544/SHA256SUMS.txt","809","1B1A3B7B0353D0DCB121B68243DE7B0B9B62E5107B001F96306611A077F8A21B"
"C20","work/reports/20260927_CANDIDATE20_ANGLE_DIAG/standalone/run_20260927_094544/THYME_DIAG/diag_status.log","evidence/candidate20/standalone/run_20260927_094544/THYME_DIAG/diag_status.log","3159","34ED9CA13ACE742DD73A7A4CC117F383BB48FC18EEB146CCF41EAE348FDE8E22"
"C20","work/reports/20260927_CANDIDATE20_ANGLE_DIAG/standalone/run_20260927_094544/THYME_DIAG/dmesg_diag_boot.txt","evidence/candidate20/standalone/run_20260927_094544/THYME_DIAG/dmesg_diag_boot.txt","155400","0F28A0BFE5ABA047E8598D9571C4ACF3407B57E2A688A394A7584EA5470896C3"
"C20","work/reports/20260927_CANDIDATE20_ANGLE_DIAG/standalone/run_20260927_094544/THYME_DIAG/oops.raw","evidence/candidate20/standalone/run_20260927_094544/THYME_DIAG/oops.raw","16777216","7D1E254BBEB4803D79FDF96F673EF4DC9C7D0EAE68DF3019C2384B3439E4BB66"
"C20","work/reports/20260927_CANDIDATE20_ANGLE_DIAG/standalone/run_20260927_094544/THYME_DIAG/oops.raw.sha256","evidence/candidate20/standalone/run_20260927_094544/THYME_DIAG/oops.raw.sha256","86","779E0F1C118D31979D1876063D30887E73EAE9590E12202C845011203AFCB91A"
"C20","work/reports/20260927_CANDIDATE20_ANGLE_DIAG/standalone/run_20260927_094544/THYME_DIAG/pstore/console-ramoops-0","evidence/candidate20/standalone/run_20260927_094544/THYME_DIAG/pstore/console-ramoops-0","1048140","0A43FBC6487E9BE4C9C54D265EBDD482AF8F99713D22EB1414DBA3CF7AB0614C"
"C20","work/reports/20260927_CANDIDATE20_ANGLE_DIAG/standalone/run_20260927_094544/THYME_DIAG/pstore/pmsg-ramoops-0","evidence/candidate20/standalone/run_20260927_094544/THYME_DIAG/pstore/pmsg-ramoops-0","827191","392510E7F46F4F8F440FAEF37FE1BCF235797EF05C585DC0D87B77AFE779BA83"
"C20","work/reports/20260927_CANDIDATE20_ANGLE_DIAG/standalone/run_20260927_094544/THYME_DIAG/System Volume Information/IndexerVolumeGuid","evidence/candidate20/standalone/run_20260927_094544/THYME_DIAG/System Volume Information/IndexerVolumeGuid","76","3F3CEB02C240D24305CED3917645955E69D28B269B7DC316E9E826DDCC2F5024"
"C20","work/reports/20260927_CANDIDATE20_ANGLE_DIAG/standalone/run_20260927_094544/THYME_DIAG/System Volume Information/WPSettings.dat","evidence/candidate20/standalone/run_20260927_094544/THYME_DIAG/System Volume Information/WPSettings.dat","12","A82D81816140174223AF77CF2E17C3717FEBF51FC6269000C371B46EC45A5069"
