"property_candidate","inferred_context_type","artifact","dex","class","method","property_api","evidence_level"
"vendor.mime.types","vendor_default_prop","system/framework/framework.jar","classes.dex","Landroid/content/type/DefaultMimeMapFactory;","create","","DEX literal reference only; not mapped to a runtime AVC key"
"vendor.camera.aux.packagelist","vendor_default_prop","system/framework/framework.jar","classes2.dex","Landroid/hardware/camera2/impl/CameraExtImplBase;","isAuxCameraClient","Landroid/os/SystemProperties;->get","DEX literal reference only; not mapped to a runtime AVC key"
"vendor.camera.aux.packagelistext","vendor_default_prop","system/framework/framework.jar","classes2.dex","Landroid/hardware/camera2/impl/CameraExtImplBase;","isAuxCameraClient","Landroid/os/SystemProperties;->get","DEX literal reference only; not mapped to a runtime AVC key"
"vendor.camera.automotive.device","vendor_default_prop","system/framework/framework.jar","classes2.dex","Landroid/hardware/camera2/impl/CameraExtImplQcom;","isAutomotiveDevice","Landroid/os/SystemProperties;->getBoolean","DEX literal reference only; not mapped to a runtime AVC key"
"ro.hardware.fp.fod","vendor_fingerprint_prop","system/framework/framework.jar","classes2.dex","Landroid/hardware/display/AmbientDisplayConfiguration;","<clinit>","Landroid/os/SystemProperties;->getBoolean","DEX literal reference only; not mapped to a runtime AVC key"
"ro.hardware.fp.sideCap","vendor_fingerprint_prop","system/framework/framework.jar","classes2.dex","Landroid/hardware/fingerprint/HidlFingerprintSensorConfig;","mapHidlToAidlSensorConfiguration","Landroid/content/Context;->getResources;Landroid/content/res/Resources;->getIntArray;Landroid/content/res/Resources;->getInteger;Landroid/os/SystemProperties;->getBoolean","DEX literal reference only; not mapped to a runtime AVC key"
"vendor.xiaomi.hardware.videoservice.IVideoService$Stub","vendor_default_prop","system/framework/framework.jar","classes3.dex","Landroid/media/VideoBoxVpp;","<init>","Landroid/os/ServiceManager;->getService;Ljava/lang/Class;->getDeclaredMethod","DEX literal reference only; not mapped to a runtime AVC key"
"vendor.xiaomi.hardware.videoservice.IVideoService/default","vendor_default_prop","system/framework/framework.jar","classes3.dex","Landroid/media/VideoBoxVpp;","<init>","Landroid/os/ServiceManager;->getService;Ljava/lang/Class;->getDeclaredMethod","DEX literal reference only; not mapped to a runtime AVC key"
"vendor.asynctask.use_increased_stack_size","vendor_default_prop","system/framework/framework.jar","classes3.dex","Landroid/os/AsyncTask$1;","newThread","Ljava/util/concurrent/atomic/AtomicInteger;->getAndIncrement","DEX literal reference only; not mapped to a runtime AVC key"
"ro.vendor.mi_fake_32bit_support","vendor_default_prop","system/framework/framework.jar","classes3.dex","Landroid/os/Build;","<clinit>","Landroid/os/Build;->getLong;Landroid/os/Build;->getString;Landroid/os/Build;->getStringList;Landroid/os/Build;->getVendorDeviceIdProperty;Landroid/os/SystemProperties;->get;Landroid/os/SystemProperties;->getBoolean;Landroid/os/SystemProperties;->getInt","DEX literal reference only; not mapped to a runtime AVC key"
"ro.vendor.salsa.build_configured","vendor_default_prop","system/framework/framework.jar","classes3.dex","Landroid/os/Build;","<clinit>","Landroid/os/Build;->getLong;Landroid/os/Build;->getString;Landroid/os/Build;->getStringList;Landroid/os/Build;->getVendorDeviceIdProperty;Landroid/os/SystemProperties;->get;Landroid/os/SystemProperties;->getBoolean;Landroid/os/SystemProperties;->getInt","DEX literal reference only; not mapped to a runtime AVC key"
"vendor.package.map","vendor_default_prop","system/framework/framework.jar","classes3.dex","Landroid/os/flagging/PlatformAconfigPackage;","<clinit>","Landroid/internal/aconfig/storage/PackageTable$Header;->getContainer;Landroid/internal/aconfig/storage/PackageTable;->getHeader;Landroid/internal/aconfig/storage/PackageTable;->getPackageList","DEX literal reference only; not mapped to a runtime AVC key"
"ro.vendor.mtk_telephony_add_on_policy","vendor_default_prop","system/framework/framework.jar","classes4.dex","Landroid/telephony/SmsManager;","checkSimPickActivityNeeded","Landroid/os/SystemProperties;->get;Ljava/lang/Class;->getDeclaredMethod","DEX literal reference only; not mapped to a runtime AVC key"
"persist.vendor.sys.satellite.enable","vendor_system_prop","system/framework/framework.jar","classes4.dex","Landroid/telephony/satellite/UniSatelliteManager;","<clinit>","Landroid/os/SystemProperties;->getBoolean;Ljava/lang/Class;->getSimpleName","DEX literal reference only; not mapped to a runtime AVC key"
"ro.vendor.perf.scroll_opt","vendor_default_prop","system/framework/framework.jar","classes4.dex","Landroid/util/BoostFramework$ScrollOptimizer;","initQXPerfFuncs","Landroid/os/SystemProperties;->getBoolean;Ljava/lang/Class;->getMethod;Ljava/lang/ClassLoader;->getSystemClassLoader","DEX literal reference only; not mapped to a runtime AVC key"
"ro.vendor.perfmode_scene_detect.cpu_core_l_config","vendor_default_prop","system/framework/framework.jar","classes4.dex","Landroid/util/BoostFramework$UIPerfMode;","<clinit>","","DEX literal reference only; not mapped to a runtime AVC key"
"ro.vendor.perfmode_scene_detect.enable","vendor_default_prop","system/framework/framework.jar","classes4.dex","Landroid/util/BoostFramework$UIPerfMode;","<clinit>","","DEX literal reference only; not mapped to a runtime AVC key"
"ro.vendor.perfmode_scene_detect.thp_16k_config","vendor_default_prop","system/framework/framework.jar","classes4.dex","Landroid/util/BoostFramework$UIPerfMode;","<clinit>","","DEX literal reference only; not mapped to a runtime AVC key"
"ro.vendor.ui.perfmode_enhance","vendor_default_prop","system/framework/framework.jar","classes4.dex","Landroid/util/BoostFramework$UIPerfMode;","<clinit>","","DEX literal reference only; not mapped to a runtime AVC key"
"vendor.display.disable_rounded_corner","vendor_display_prop","system/framework/framework.jar","classes4.dex","Landroid/view/DisplayCutout;","pathAndDisplayCutoutFromSpec","Landroid/os/SystemProperties;->getInt;Landroid/util/DisplayUtils;->getPhysicalPixelDisplaySizeRatio;Landroid/view/CutoutSpecification;->getBottomBound;Landroid/view/CutoutSpecification;->getLeftBound;Landroid/view/CutoutSpecification;->getPath;Landroid/view/CutoutSpecification;->getRightBound;Landroid/view/CutoutSpecification;->getSafeInset;Landroid/view/CutoutSpecification;->getTopBound;Landroid/view/DisplayCutout;->getRotationToOverride;Landroid/view/DisplayCutout;->getSideOverride","DEX literal reference only; not mapped to a runtime AVC key"
"persist.vendor.sys.fast_setup_data_network","vendor_system_prop","system/framework/framework.jar","classes4.dex","Lcom/android/internal/telephony/UniFrameworkTelephonyManager;","<clinit>","Landroid/os/SystemProperties;->getBoolean;Ljava/lang/Class;->getSimpleName","DEX literal reference only; not mapped to a runtime AVC key"
"ro.vendor.mtk.hbt_dyn_type","vendor_default_prop","system/framework/framework.jar","classes5.dex","Lcom/android/internal/os/ZygoteInit;","createTertiaryZygote","Landroid/os/SystemProperties;->getInt","DEX literal reference only; not mapped to a runtime AVC key"
"persist.vendor.gwpasan.enable","vendor_default_prop","system/framework/framework.jar","classes5.dex","Lcom/android/internal/os/ZygoteInit;","forkSystemServer","Landroid/os/SystemProperties;->get;Landroid/os/SystemProperties;->getBoolean;Lcom/android/internal/os/ZygoteArguments;->getInstance;Lcom/android/internal/os/ZygoteInitStub;->getInstance;Ljava/lang/Exception;->getMessage","DEX literal reference only; not mapped to a runtime AVC key"
"persist.vendor.sys.activitylog","vendor_system_prop","system/framework/framework.jar","classes6.dex","Lcom/mediatek/app/ActivityThreadExt;","enableActivityThreadLog","Landroid/os/SystemProperties;->get;Landroid/os/SystemProperties;->set","DEX literal reference only; not mapped to a runtime AVC key"
"vendor.mtk.app32_boost_config","vendor_default_prop","system/framework/framework.jar","classes6.dex","Lcom/mediatek/internal/os/DispatchPolicyImpl;","getConfig","Landroid/os/SystemProperties;->get","DEX literal reference only; not mapped to a runtime AVC key"
"ro.vendor.mtk.hbt_binfmt_misc_support","vendor_default_prop","system/framework/framework.jar","classes6.dex","Lcom/mediatek/internal/os/PolicySelector;","<clinit>","Landroid/os/SystemProperties;->getBoolean","DEX literal reference only; not mapped to a runtime AVC key"
"ro.vendor.mtk.app32_boost_support","vendor_default_prop","system/framework/framework.jar","classes6.dex","Lcom/mediatek/internal/os/PolicySelector;","getBoostMode","Landroid/os/SystemProperties;->getInt","DEX literal reference only; not mapped to a runtime AVC key"
"persist.vendor.mtk.hbt_dyn_type","vendor_default_prop","system/framework/framework.jar","classes6.dex","Lcom/mediatek/internal/os/PolicySelector;","getDyn","Landroid/os/SystemProperties;->getInt","DEX literal reference only; not mapped to a runtime AVC key"
"ro.vendor.mtk.hbt_dyn_type","vendor_default_prop","system/framework/framework.jar","classes6.dex","Lcom/mediatek/internal/os/PolicySelector;","getDyn","Landroid/os/SystemProperties;->getInt","DEX literal reference only; not mapped to a runtime AVC key"
"vendor.qti.appLauncherService.IAppLauncherService/default","vendor_default_prop","system/framework/services.jar","classes.dex","Lcom/android/server/SystemServer;","startOtherServices","Landroid/content/Context;->getContentResolver;Landroid/content/Context;->getDisplay;Landroid/content/Context;->getPackageManager;Landroid/content/Context;->getResources;Landroid/content/Context;->getSystemService;Landroid/content/Context;->getTheme;Landroid/content/res/Resources$Theme;->getChangingConfigurations;Landroid/content/res/Resources;->getBoolean;Landroid/content/res/Resources;->getString;Landroid/content/res/Resources;->getStringArray;Landroid/net/ConnectivityModuleConnector;->getInstance;Landroid/net/NetworkStackClient;->getInstance;Landroid/os/ServiceManager;->getService;Landroid/os/SystemProperties;->get;Landroid/os/SystemProperties;->getBoolean;Landroid/os/SystemProperties;->getInt;Landroid/provider/DeviceConfig;->getBoolean;Landroid/view/Display;->getMetrics;Lcom/android/server/LocalServices;->getService;Lcom/android/server/PayJoyAccessManagerStub;->get;Lcom/android/server/SystemServerStub;->get;Lcom/android/server/SystemServerStub;->getConnectivitylibpath;Lcom/android/server/SystemServerStub;->getMiuilibpath;Lcom/android/server/Watchdog;->getInstance;Lcom/android/server/am/ActivityManagerService;->getContentProviderHelper;Lcom/android/server/devicepolicy/DevicePolicyManagerService$Lifecycle;->getMultiuserManagedDeviceProvisioningState;Lcom/android/server/input/InputManagerService$Lifecycle;->getService;Lcom/android/server/pm/HsumBootUserInitializer;->getDumpable;Lcom/android/server/wm/WindowManagerService;->getInputManagerCallback;Lcom/sprd/server/SprdSystemServer;->getInstance","DEX literal reference only; not mapped to a runtime AVC key"
"vendor.xiaomi.hardware.displayfeature@1.0::IDisplayFeature","vendor_default_prop","system/framework/services.jar","classes.dex","Lcom/android/server/Watchdog;","<clinit>","","DEX literal reference only; not mapped to a runtime AVC key"
"persist.vendor.duraspeed.support","vendor_default_prop","system/framework/services.jar","classes.dex","Lcom/android/server/am/ActiveServices;","bringUpServiceInnerLocked","Landroid/app/AppGlobals;->getPackageManager;Landroid/content/Intent$FilterComparison;->getIntent;Landroid/content/Intent;->getAction;Landroid/os/SystemProperties;->get;Landroid/webkit/WebViewZygote;->getPackageName;Landroid/window/MiSightHelperStub;->get;Lcom/android/server/am/ActiveServices;->getHostingRecordTriggerType;Lcom/android/server/am/ActiveServices;->getServiceMapLocked;Lcom/android/server/am/ActiveServices;->getServiceUid;Lcom/android/server/am/ActivityManagerService;->getProcessRecordLocked;Lcom/android/server/am/ProcessList;->getAppStartInfoTracker;Lcom/android/server/am/ProcessList;->getSharedIsolatedProcess;Lcom/android/server/am/ProcessRecord;->getPid;Lcom/android/server/am/ProcessRecord;->getThread;Lcom/android/server/am/ProcessRecord;->getUidRecord;Lcom/android/server/am/ServiceRecord;->getHostProcess;Lcom/android/server/am/ServiceRecord;->getRecentCallerProcessName;Ljava/util/ArrayList;->get;Lmiui/scenariorecognition/SystemServerScenarioStub;->getInstance","DEX literal reference only; not mapped to a runtime AVC key"
"ro.vendor.qti.sys.fw.compaction_delay_sec","vendor_default_prop","system/framework/services.jar","classes.dex","Lcom/android/server/am/ActivityManagerConstants;","updatePerfConfigConstants","Lcom/android/server/am/ActivityManagerServiceStub;->get;Lcom/android/server/am/ActivityManagerServiceStub;->getDefaultMaxCachedProcesses","DEX literal reference only; not mapped to a runtime AVC key"
"ro.vendor.qti.sys.fw.empty_app_percent","vendor_default_prop","system/framework/services.jar","classes.dex","Lcom/android/server/am/ActivityManagerConstants;","updatePerfConfigConstants","Lcom/android/server/am/ActivityManagerServiceStub;->get;Lcom/android/server/am/ActivityManagerServiceStub;->getDefaultMaxCachedProcesses","DEX literal reference only; not mapped to a runtime AVC key"
"ro.vendor.qti.sys.fw.trim_cache_percent","vendor_default_prop","system/framework/services.jar","classes.dex","Lcom/android/server/am/ActivityManagerConstants;","updatePerfConfigConstants","Lcom/android/server/am/ActivityManagerServiceStub;->get;Lcom/android/server/am/ActivityManagerServiceStub;->getDefaultMaxCachedProcesses","DEX literal reference only; not mapped to a runtime AVC key"
"ro.vendor.qti.sys.fw.trim_empty_percent","vendor_default_prop","system/framework/services.jar","classes.dex","Lcom/android/server/am/ActivityManagerConstants;","updatePerfConfigConstants","Lcom/android/server/am/ActivityManagerServiceStub;->get;Lcom/android/server/am/ActivityManagerServiceStub;->getDefaultMaxCachedProcesses","DEX literal reference only; not mapped to a runtime AVC key"
"ro.vendor.qti.sys.fw.trim_enable_memory","vendor_default_prop","system/framework/services.jar","classes.dex","Lcom/android/server/am/ActivityManagerConstants;","updatePerfConfigConstants","Lcom/android/server/am/ActivityManagerServiceStub;->get;Lcom/android/server/am/ActivityManagerServiceStub;->getDefaultMaxCachedProcesses","DEX literal reference only; not mapped to a runtime AVC key"
"ro.vendor.qti.sys.fw.use_trim_settings","vendor_default_prop","system/framework/services.jar","classes.dex","Lcom/android/server/am/ActivityManagerConstants;","updatePerfConfigConstants","Lcom/android/server/am/ActivityManagerServiceStub;->get;Lcom/android/server/am/ActivityManagerServiceStub;->getDefaultMaxCachedProcesses","DEX literal reference only; not mapped to a runtime AVC key"
"vendor.appcompact.compact_throttle_bfgs","vendor_default_prop","system/framework/services.jar","classes.dex","Lcom/android/server/am/CachedAppOptimizer;","setAppCompactProperties","","DEX literal reference only; not mapped to a runtime AVC key"
"vendor.appcompact.compact_throttle_fullfull","vendor_default_prop","system/framework/services.jar","classes.dex","Lcom/android/server/am/CachedAppOptimizer;","setAppCompactProperties","","DEX literal reference only; not mapped to a runtime AVC key"
"vendor.appcompact.compact_throttle_fullsome","vendor_default_prop","system/framework/services.jar","classes.dex","Lcom/android/server/am/CachedAppOptimizer;","setAppCompactProperties","","DEX literal reference only; not mapped to a runtime AVC key"
"vendor.appcompact.compact_throttle_persistent","vendor_default_prop","system/framework/services.jar","classes.dex","Lcom/android/server/am/CachedAppOptimizer;","setAppCompactProperties","","DEX literal reference only; not mapped to a runtime AVC key"
"vendor.appcompact.compact_throttle_somefull","vendor_default_prop","system/framework/services.jar","classes.dex","Lcom/android/server/am/CachedAppOptimizer;","setAppCompactProperties","","DEX literal reference only; not mapped to a runtime AVC key"
"vendor.appcompact.compact_throttle_somesome","vendor_default_prop","system/framework/services.jar","classes.dex","Lcom/android/server/am/CachedAppOptimizer;","setAppCompactProperties","","DEX literal reference only; not mapped to a runtime AVC key"
"vendor.appcompact.debug_app_compact","vendor_default_prop","system/framework/services.jar","classes.dex","Lcom/android/server/am/CachedAppOptimizer;","setAppCompactProperties","","DEX literal reference only; not mapped to a runtime AVC key"
"vendor.appcompact.delta_rss_throttle_kb","vendor_default_prop","system/framework/services.jar","classes.dex","Lcom/android/server/am/CachedAppOptimizer;","setAppCompactProperties","","DEX literal reference only; not mapped to a runtime AVC key"
"vendor.appcompact.enable_app_compact","vendor_default_prop","system/framework/services.jar","classes.dex","Lcom/android/server/am/CachedAppOptimizer;","setAppCompactProperties","","DEX literal reference only; not mapped to a runtime AVC key"
"vendor.appcompact.full_compact_type","vendor_default_prop","system/framework/services.jar","classes.dex","Lcom/android/server/am/CachedAppOptimizer;","setAppCompactProperties","","DEX literal reference only; not mapped to a runtime AVC key"
"vendor.appcompact.rss_throttle_kb","vendor_default_prop","system/framework/services.jar","classes.dex","Lcom/android/server/am/CachedAppOptimizer;","setAppCompactProperties","","DEX literal reference only; not mapped to a runtime AVC key"
"vendor.appcompact.some_compact_type","vendor_default_prop","system/framework/services.jar","classes.dex","Lcom/android/server/am/CachedAppOptimizer;","setAppCompactProperties","","DEX literal reference only; not mapped to a runtime AVC key"
"vendor.appcompact.thread_priority","vendor_default_prop","system/framework/services.jar","classes.dex","Lcom/android/server/am/CachedAppOptimizer;","setAppCompactProperties","","DEX literal reference only; not mapped to a runtime AVC key"
"ro.vendor.salsa.build_configured","vendor_default_prop","system/framework/services.jar","classes.dex","Lcom/android/server/am/ProcessList;","getDefaultAbi","Landroid/os/SystemProperties;->getBoolean","DEX literal reference only; not mapped to a runtime AVC key"
"ro.vendor.servicetracker_enable","vendor_default_prop","system/framework/services.jar","classes.dex","Lcom/android/server/am/ServicetrackerStub;","<clinit>","Landroid/os/SystemProperties;->getBoolean;Lcom/miui/base/MiuiStubUtil;->getInstance","DEX literal reference only; not mapped to a runtime AVC key"
"vendor.perf.bgt.enable","vendor_default_prop","system/framework/services.jar","classes.dex","Lcom/android/server/am/psc/OomAdjuster;","<init>","Landroid/os/SystemProperties;->getBoolean;Lcom/android/server/ServiceThread;->getLooper","DEX literal reference only; not mapped to a runtime AVC key"
"vendor.perf.topAppRenderThreadBoost.enable","vendor_default_prop","system/framework/services.jar","classes.dex","Lcom/android/server/am/psc/OomAdjuster;","<init>","Landroid/os/SystemProperties;->getBoolean;Lcom/android/server/ServiceThread;->getLooper","DEX literal reference only; not mapped to a runtime AVC key"
"vendor.xiaomi.hardware.fingerprintextension@1.0::IXiaomiFingerprint","vendor_default_prop","system/framework/services.jar","classes.dex","Lcom/android/server/biometrics/sensors/fingerprint/FingerprintServiceStub;","getExtDaemon","Landroid/os/HwBinder;->getService","DEX literal reference only; not mapped to a runtime AVC key"
"vendor.xiaomi.hardware.fingerprintextension.IXiaomiFingerprint","vendor_default_prop","system/framework/services.jar","classes.dex","Lcom/android/server/biometrics/sensors/fingerprint/FingerprintServiceStub;","startExtCmd","Landroid/os/ServiceManager;->getService;Lcom/android/server/biometrics/sensors/fingerprint/FingerprintServiceStub;->getExtDaemon;Lcom/android/server/biometrics/sensors/fingerprint/FingerprintServiceStub;->getInstance;Lcom/android/server/biometrics/sensors/fingerprint/FingerprintServiceStub;->getSupportInterfaceVersion","DEX literal reference only; not mapped to a runtime AVC key"
"vendor.xiaomi.hardware.fingerprintextension.IXiaomiFingerprint/default","vendor_default_prop","system/framework/services.jar","classes.dex","Lcom/android/server/biometrics/sensors/fingerprint/FingerprintServiceStub;","startExtCmd","Landroid/os/ServiceManager;->getService;Lcom/android/server/biometrics/sensors/fingerprint/FingerprintServiceStub;->getExtDaemon;Lcom/android/server/biometrics/sensors/fingerprint/FingerprintServiceStub;->getInstance;Lcom/android/server/biometrics/sensors/fingerprint/FingerprintServiceStub;->getSupportInterfaceVersion","DEX literal reference only; not mapped to a runtime AVC key"
"vendor.xiaomi.hardware.fingerprintextension@1.0::IXiaomiFingerprint","vendor_default_prop","system/framework/services.jar","classes.dex","Lcom/android/server/biometrics/sensors/fingerprint/FingerprintServiceStub;","startExtCmd","Landroid/os/ServiceManager;->getService;Lcom/android/server/biometrics/sensors/fingerprint/FingerprintServiceStub;->getExtDaemon;Lcom/android/server/biometrics/sensors/fingerprint/FingerprintServiceStub;->getInstance;Lcom/android/server/biometrics/sensors/fingerprint/FingerprintServiceStub;->getSupportInterfaceVersion","DEX literal reference only; not mapped to a runtime AVC key"
"ro.hardware.fp.sideCap","vendor_fingerprint_prop","system/framework/services.jar","classes.dex","Lcom/android/server/biometrics/sensors/fingerprint/PowerFingerprintServiceStub;","getIsPowerfp","Landroid/os/SystemProperties;->getBoolean","DEX literal reference only; not mapped to a runtime AVC key"
"ro.vendor.display.dynamic_get_brightness_to_nits_spline","vendor_display_prop","system/framework/services.jar","classes2.dex","Lcom/android/server/display/DisplayManagerService;","<clinit>","Landroid/os/SystemProperties;->getBoolean;Landroid/os/SystemProperties;->getInt","DEX literal reference only; not mapped to a runtime AVC key"
"ro.vendor.display.uiservice.enable","vendor_display_prop","system/framework/services.jar","classes2.dex","Lcom/android/server/display/DisplayManagerService;","<clinit>","Landroid/os/SystemProperties;->getBoolean;Landroid/os/SystemProperties;->getInt","DEX literal reference only; not mapped to a runtime AVC key"
"ro.vendor.disable.dim.cpu_deepsleep","vendor_default_prop","system/framework/services.jar","classes2.dex","Lcom/android/server/display/DisplayPowerController;","<init>","Landroid/content/Context;->getContentResolver;Landroid/content/Context;->getResources;Landroid/content/Context;->getSystemService;Landroid/content/res/Resources;->getBoolean;Landroid/content/res/Resources;->getFloat;Landroid/content/res/Resources;->getFraction;Landroid/os/Handler;->getLooper;Landroid/os/PowerManager;->getBrightnessConstraint;Landroid/os/SystemProperties;->getBoolean;Landroid/provider/Settings$Global;->getInt;Lcom/android/server/LocalServices;->getService;Lcom/android/server/am/BatteryStatsService;->getService;Lcom/android/server/display/DisplayDevice;->getDisplayDeviceConfig;Lcom/android/server/display/DisplayDevice;->getDisplayDeviceInfoLocked;Lcom/android/server/display/DisplayDevice;->getDisplayTokenLocked;Lcom/android/server/display/DisplayDevice;->getNameLocked;Lcom/android/server/display/DisplayDevice;->getUniqueId;Lcom/android/server/display/DisplayDeviceConfig;->getDefaultDozeBrightness;Lcom/android/server/display/DisplayDeviceConfig;->getIdleStylusTimeoutMillis;Lcom/android/server/display/DisplayManagerServiceStub;->getInstance;Lcom/android/server/display/DisplayPowerController$DisplayControllerHandler;->getLooper;Lcom/android/server/display/DisplayPowerController$Injector;->getBrightnessClamperController;Lcom/android/server/display/DisplayPowerController$Injector;->getBrightnessRangeController;Lcom/android/server/display/DisplayPowerController$Injector;->getChargingStateReceiver;Lcom/android/server/display/DisplayPowerController$Injector;->getClock;Lcom/android/server/display/DisplayPowerController$Injector;->getDisplayPowerProximityStateController;Lcom/android/server/display/DisplayPowerController$Injector;->getDisplayWhiteBalanceController;Lcom/android/server/display/DisplayPowerController$Injector;->getWakelockController;Lcom/android/server/display/DisplayPowerController;->getScreenBrightnessSetting;Lcom/android/server/display/DisplayPowerControllerStub;->getInstance;Lcom/android/server/display/LogicalDisplay;->getDisplayIdLocked;Lcom/android/server/display/LogicalDisplay;->getDisplayInfoLocked;Lcom/android/server/display/LogicalDisplay;->getPowerThrottlingDataIdLocked;Lcom/android/server/display/LogicalDisplay;->getPrimaryDisplayDeviceLocked;Lcom/android/server/display/brightness/DisplayBrightnessController;->getAutomaticBrightnessStrategy;Lcom/android/server/display/brightness/DisplayBrightnessController;->getCurrentBrightness","DEX literal reference only; not mapped to a runtime AVC key"
"vendor.display.builtin_mirroring","vendor_display_prop","system/framework/services.jar","classes2.dex","Lcom/android/server/display/LocalDisplayAdapter$LocalDisplayDevice;","getDisplayDeviceInfoLocked","Landroid/content/Context;->getResources;Landroid/content/res/Resources;->getBoolean;Landroid/content/res/Resources;->getString;Landroid/hardware/display/DeviceProductInfo;->getName;Landroid/os/SystemProperties;->getBoolean;Landroid/util/DisplayUtils;->getMaximumResolutionDisplayMode;Landroid/view/Display$Mode;->getPhysicalHeight;Landroid/view/Display$Mode;->getPhysicalWidth;Landroid/view/DisplayAddress;->getPort;Landroid/view/DisplayCutout;->getMaskBuiltInDisplayCutout;Lcom/android/server/display/DisplayDeviceConfig;->getBrightnessDefault;Lcom/android/server/display/DisplayDeviceConfig;->getBrightnessDim;Lcom/android/server/display/DisplayDeviceConfig;->getBrightnessMaximum;Lcom/android/server/display/DisplayDeviceConfig;->getBrightnessMinimum;Lcom/android/server/display/DisplayDeviceConfig;->getName;Lcom/android/server/display/LocalDisplayAdapter$LocalDisplayDevice;->getAppVsyncOffsetNanos;Lcom/android/server/display/LocalDisplayAdapter$LocalDisplayDevice;->getDefaultModeId;Lcom/android/server/display/LocalDisplayAdapter$LocalDisplayDevice;->getDisplayDeviceConfig;Lcom/android/server/display/LocalDisplayAdapter$LocalDisplayDevice;->getDisplayModes;Lcom/android/server/display/LocalDisplayAdapter$LocalDisplayDevice;->getLogicalDensity;Lcom/android/server/display/LocalDisplayAdapter$LocalDisplayDevice;->getPresentationDeadlineNanos;Lcom/android/server/display/LocalDisplayAdapter$LocalDisplayDevice;->getUniqueId;Lcom/android/server/display/LocalDisplayAdapter;->getContext;Lcom/android/server/display/LocalDisplayAdapter;->getFeatureFlags;Lcom/android/server/display/LocalDisplayAdapter;->getOverlayContext;Lcom/android/server/display/LocalDisplayAdapterStub;->getRoundCornerResources;Ljava/util/ArrayList;->get","DEX literal reference only; not mapped to a runtime AVC key"
"vendor.display.builtin_presentation","vendor_display_prop","system/framework/services.jar","classes2.dex","Lcom/android/server/display/LocalDisplayAdapter$LocalDisplayDevice;","getDisplayDeviceInfoLocked","Landroid/content/Context;->getResources;Landroid/content/res/Resources;->getBoolean;Landroid/content/res/Resources;->getString;Landroid/hardware/display/DeviceProductInfo;->getName;Landroid/os/SystemProperties;->getBoolean;Landroid/util/DisplayUtils;->getMaximumResolutionDisplayMode;Landroid/view/Display$Mode;->getPhysicalHeight;Landroid/view/Display$Mode;->getPhysicalWidth;Landroid/view/DisplayAddress;->getPort;Landroid/view/DisplayCutout;->getMaskBuiltInDisplayCutout;Lcom/android/server/display/DisplayDeviceConfig;->getBrightnessDefault;Lcom/android/server/display/DisplayDeviceConfig;->getBrightnessDim;Lcom/android/server/display/DisplayDeviceConfig;->getBrightnessMaximum;Lcom/android/server/display/DisplayDeviceConfig;->getBrightnessMinimum;Lcom/android/server/display/DisplayDeviceConfig;->getName;Lcom/android/server/display/LocalDisplayAdapter$LocalDisplayDevice;->getAppVsyncOffsetNanos;Lcom/android/server/display/LocalDisplayAdapter$LocalDisplayDevice;->getDefaultModeId;Lcom/android/server/display/LocalDisplayAdapter$LocalDisplayDevice;->getDisplayDeviceConfig;Lcom/android/server/display/LocalDisplayAdapter$LocalDisplayDevice;->getDisplayModes;Lcom/android/server/display/LocalDisplayAdapter$LocalDisplayDevice;->getLogicalDensity;Lcom/android/server/display/LocalDisplayAdapter$LocalDisplayDevice;->getPresentationDeadlineNanos;Lcom/android/server/display/LocalDisplayAdapter$LocalDisplayDevice;->getUniqueId;Lcom/android/server/display/LocalDisplayAdapter;->getContext;Lcom/android/server/display/LocalDisplayAdapter;->getFeatureFlags;Lcom/android/server/display/LocalDisplayAdapter;->getOverlayContext;Lcom/android/server/display/LocalDisplayAdapterStub;->getRoundCornerResources;Ljava/util/ArrayList;->get","DEX literal reference only; not mapped to a runtime AVC key"
"ro.vendor.mi_sf.skip_refresh_rate_by_brightness","vendor_default_prop","system/framework/services.jar","classes2.dex","Lcom/android/server/display/RampAnimator;","getRefreshRateBrightnessConfig","Landroid/os/SystemProperties;->get","DEX literal reference only; not mapped to a runtime AVC key"
"ro.vendor.mi_sf.skip_refresh_rate_by_brightness_lux","vendor_default_prop","system/framework/services.jar","classes2.dex","Lcom/android/server/display/RampAnimator;","loadSkip90hzLuxConfig","Landroid/os/SystemProperties;->get","DEX literal reference only; not mapped to a runtime AVC key"
"vendor.media.wfd.slice_casting","vendor_default_prop","system/framework/services.jar","classes2.dex","Lcom/android/server/display/WifiDisplayAdapter;","isXringSliceCast","Landroid/os/SystemProperties;->get","DEX literal reference only; not mapped to a runtime AVC key"
"persist.vendor.debug.wfdcdbgv","vendor_default_prop","system/framework/services.jar","classes2.dex","Lcom/android/server/display/WifiDisplayController;","<clinit>","Landroid/os/SystemProperties;->getBoolean","DEX literal reference only; not mapped to a runtime AVC key"
"persist.vendor.setWFDInfo.R2","vendor_default_prop","system/framework/services.jar","classes2.dex","Lcom/android/server/display/WifiDisplayController;","updateConnection","Landroid/content/Context;->getOpPackageName;Landroid/net/wifi/p2p/WifiP2pDevice;->getWfdInfo;Landroid/os/SystemProperties;->getInt;Lcom/android/server/display/WifiDisplayController;->getInterfaceAddress;Lcom/android/server/display/WifiDisplayController;->getPortNumber;Lcom/android/server/display/WifiDisplayController;->getSessionInfo;Ljava/lang/Thread;->getStackTrace;Ljava/net/Inet4Address;->getHostAddress","DEX literal reference only; not mapped to a runtime AVC key"
"persist.vendor.sys.debug.wfd.gointent","vendor_system_prop","system/framework/services.jar","classes2.dex","Lcom/android/server/display/WifiDisplayController;","updateConnection","Landroid/content/Context;->getOpPackageName;Landroid/net/wifi/p2p/WifiP2pDevice;->getWfdInfo;Landroid/os/SystemProperties;->getInt;Lcom/android/server/display/WifiDisplayController;->getInterfaceAddress;Lcom/android/server/display/WifiDisplayController;->getPortNumber;Lcom/android/server/display/WifiDisplayController;->getSessionInfo;Ljava/lang/Thread;->getStackTrace;Ljava/net/Inet4Address;->getHostAddress","DEX literal reference only; not mapped to a runtime AVC key"
"persist.vendor.setWFDInfo.R2","vendor_default_prop","system/framework/services.jar","classes2.dex","Lcom/android/server/display/WifiDisplayController;","updateWfdEnableState","Landroid/os/SystemProperties;->getInt","DEX literal reference only; not mapped to a runtime AVC key"
"ro.vendor.mi_sf.new_dynamic_refresh_rate","vendor_default_prop","system/framework/services.jar","classes2.dex","Lcom/android/server/display/mode/DisplayModeDirector$AppRequestObserver;","isDynamicRefreshRatePropExist","Ljava/lang/Class;->getDeclaredMethod","DEX literal reference only; not mapped to a runtime AVC key"
"persist.vendor.log.tel_dbg","vendor_default_prop","system/framework/services.jar","classes2.dex","Lcom/android/server/location/LocationManagerService;","<clinit>","Landroid/os/SystemProperties;->getInt","DEX literal reference only; not mapped to a runtime AVC key"
"persist.vendor.log.tel_dbg","vendor_default_prop","system/framework/services.jar","classes2.dex","Lcom/android/server/location/gnss/GnssLocationProvider;","<clinit>","Landroid/os/SystemProperties;->getInt","DEX literal reference only; not mapped to a runtime AVC key"
"ro.vendor.mtk_ipo_support","vendor_default_prop","system/framework/services.jar","classes3.dex","Lcom/android/server/policy/LegacyGlobalActions;","createDialog","Landroid/content/Context;->getContentResolver;Landroid/content/Context;->getResources;Landroid/content/Context;->getUserId;Landroid/content/res/Resources;->getStringArray;Landroid/os/SystemProperties;->get;Landroid/os/SystemProperties;->getBoolean;Landroid/provider/Settings$Secure;->getIntForUser;Lcom/android/internal/globalactions/ActionsDialog;->getListView;Lcom/android/internal/globalactions/ActionsDialog;->getWindow;Lcom/android/server/policy/LegacyGlobalActions;->getAssistAction;Lcom/android/server/policy/LegacyGlobalActions;->getEmergencyAction;Lcom/android/server/policy/LegacyGlobalActions;->getLockdownAction;Lcom/android/server/policy/LegacyGlobalActions;->getSettingsAction;Lcom/android/server/policy/LegacyGlobalActions;->getVoiceAssistAction","DEX literal reference only; not mapped to a runtime AVC key"
"ro.vendor.mtk_ipo_support","vendor_default_prop","system/framework/services.jar","classes3.dex","Lcom/android/server/power/PowerManagerService$BinderService;","LowPowerStartIPO","Lcom/android/server/power/SystemPropertiesWrapper;->get;Ljava/lang/Class;->getMethod","DEX literal reference only; not mapped to a runtime AVC key"
"ro.vendor.mtk_ipo_support","vendor_default_prop","system/framework/services.jar","classes3.dex","Lcom/android/server/power/PowerManagerService$BinderService;","LowPowerStopIPO","Lcom/android/server/power/SystemPropertiesWrapper;->get;Ljava/lang/Class;->getMethod","DEX literal reference only; not mapped to a runtime AVC key"
"ro.vendor.mtk_ipo_support","vendor_default_prop","system/framework/services.jar","classes3.dex","Lcom/android/server/power/PowerManagerService;","systemReady","Landroid/app/ActivityManager;->getService;Landroid/content/Context;->getContentResolver;Landroid/content/Context;->getSystemService;Landroid/hardware/display/DisplayManagerInternal;->getGroupIdsByDisplayIds;Landroid/os/Handler;->getLooper;Landroid/os/Looper;->getMainLooper;Landroid/provider/Settings$Global;->getUriFor;Landroid/provider/Settings$Secure;->getUriFor;Landroid/provider/Settings$System;->getUriFor;Lcom/android/internal/os/BackgroundThread;->getExecutor;Lcom/android/server/am/BatteryStatsService;->getService;Lcom/android/server/lights/LightsManager;->getLight;Lcom/android/server/power/PowerManagerService;->getLocalService;Lcom/android/server/power/ScreenTimeoutConstants;->getMinimumScreenOffTimeoutConfigLocked;Lcom/android/server/power/SystemPropertiesWrapper;->get","DEX literal reference only; not mapped to a runtime AVC key"
"ro.vendor.mtk_ipo_support","vendor_default_prop","system/framework/services.jar","classes3.dex","Lcom/android/server/power/PowerManagerService;","onBootPhase","Landroid/content/Context;->getSystemService;Landroid/util/SparseArray;->get;Lcom/android/server/power/SystemPropertiesWrapper;->get;Ljava/lang/Class;->getMethod","DEX literal reference only; not mapped to a runtime AVC key"
"ro.vendor.mtk.hbt_binfmt_misc_support","vendor_default_prop","system/framework/services.jar","classes3.dex","Lcom/android/server/usage/StorageStatsService;","computeAppArtStats","Landroid/os/SystemProperties;->getBoolean;Lcom/android/server/art/ArtManagerLocal;->getArtManagedFileStats;Lcom/android/server/art/model/ArtManagedFileStats;->getTotalSizeBytesByType;Lcom/android/server/pm/DexOptHelper;->getArtManagerLocal;Lcom/android/server/pm/PackageManagerServiceUtils;->getPackageManagerLocal;Ljava/lang/IllegalStateException;->getMessage","DEX literal reference only; not mapped to a runtime AVC key"
"vendor.display.override_mirroring_rotation","vendor_display_prop","system/framework/services.jar","classes4.dex","Lcom/android/server/wm/DisplayRotation;","<init>","Landroid/content/Context;->getResources;Landroid/content/res/Resources;->getBoolean;Landroid/os/SystemProperties;->getBoolean;Landroid/view/Display;->getType;Lcom/android/server/UiThread;->getHandler;Lcom/android/server/wm/DisplayContent;->getDisplayId","DEX literal reference only; not mapped to a runtime AVC key"
